# Fuente: https://epg.ovh/pl.xml
TVP 1,TVP 1,http://epg.ovh/logo/TVP+1.png
TVP 2,TVP 2,http://epg.ovh/logo/TVP+2.png
Polsat,Polsat,http://epg.ovh/logo/Polsat.png
TV 4,TV 4,http://epg.ovh/logo/TV+4.png
Tele 5,Tele 5,http://epg.ovh/logo/Tele+5.png
TV 6,TV 6,http://epg.ovh/logo/TV+6.png
TVN 7,TVN 7,http://epg.ovh/logo/TVN+7.png
TVN,TVN,http://epg.ovh/logo/TVN.png
TV Puls,TV Puls,http://epg.ovh/logo/TV+Puls.png
Puls 2,Puls 2,http://epg.ovh/logo/Puls+2.png
TTV,TTV,http://epg.ovh/logo/TTV.png
Fokus TV,Fokus TV,http://epg.ovh/logo/Fokus+TV.png
HGTV,HGTV,http://epg.ovh/logo/HGTV.png
TVP 4K,TVP 4K,http://epg.ovh/logo/TVP+4K.png
TVP HD,TVP HD,http://epg.ovh/logo/TVP+HD.png
Alfa TVP,Alfa TVP,http://epg.ovh/logo/Alfa+TVP.png
TVP Seriale,TVP Seriale,http://epg.ovh/logo/TVP+Seriale.png
TVP Rozrywka,TVP Rozrywka,http://epg.ovh/logo/TVP+Rozrywka.png
TVP Dokument,TVP Dokument,http://epg.ovh/logo/TVP+Dokument.png
TVP Nauka,TVP Nauka,http://epg.ovh/logo/TVP+Nauka.png
TVP Historia,TVP Historia,http://epg.ovh/logo/TVP+Historia.png
TVP Historia 2,TVP Historia 2,http://epg.ovh/logo/TVP+Historia+2.png
TVP Kultura,TVP Kultura,http://epg.ovh/logo/TVP+Kultura.png
TVP Kultura 2,TVP Kultura 2,http://epg.ovh/logo/TVP+Kultura+2.png
TVP Polonia,TVP Polonia,http://epg.ovh/logo/TVP+Polonia.png
Super Polsat,Super Polsat,http://epg.ovh/logo/Super+Polsat.png
Polsat 1,Polsat 1,http://epg.ovh/logo/Polsat+1.png
Polsat 2,Polsat 2,http://epg.ovh/logo/Polsat+2.png
Polsat Games,Polsat Games,http://epg.ovh/logo/Polsat+Games.png
METRO,METRO,http://epg.ovh/logo/METRO.png
NOWA TV,NOWA TV,http://epg.ovh/logo/NOWA+TV.png
ZOOM TV,ZOOM TV,http://epg.ovh/logo/ZOOM+TV.png
WP,WP,http://epg.ovh/logo/WP.png
TVS,TVS,http://epg.ovh/logo/TVS.png
HOME TV,HOME TV,http://epg.ovh/logo/HOME+TV.png
TVC,TVC,http://epg.ovh/logo/TVC.png
TBN Polska,TBN Polska,http://epg.ovh/logo/TBN+Polska.png
Polonia 1,Polonia 1,http://epg.ovh/logo/Polonia+1.png
Antena,Antena,http://epg.ovh/logo/Antena.png
13TV HD,13TV HD,http://epg.ovh/logo/13TV+HD.png
BBC First,BBC First,http://epg.ovh/logo/BBC+First.png
FX,FX,http://epg.ovh/logo/FX.png
Comedy Central,Comedy Central,http://epg.ovh/logo/Comedy+Central.png
Polsat Comedy Central Extra,Polsat Comedy Central Extra,http://epg.ovh/logo/Polsat+Comedy+Central+Extra.png
FX Comedy,FX Comedy,http://epg.ovh/logo/FX+Comedy.png
Canal+ 1,Canal+ 1,http://epg.ovh/logo/Canal%2b+1.png
Canal+ Premium,Canal+ Premium,http://epg.ovh/logo/Canal%2b+Premium.png
Canal+ Film,Canal+ Film,http://epg.ovh/logo/Canal%2b+Film.png
Canal+ Family,Canal+ Family,http://epg.ovh/logo/Canal%2b+Family.png
Canal+ Seriale,Canal+ Seriale,http://epg.ovh/logo/Canal%2b+Seriale.png
Canal+ 4K Ultra HD,Canal+ 4K Ultra HD,http://epg.ovh/logo/Canal%2b+4K+Ultra+HD.png
HBO,HBO,http://epg.ovh/logo/HBO.png
HBO 2,HBO 2,http://epg.ovh/logo/HBO+2.png
HBO 3,HBO 3,http://epg.ovh/logo/HBO+3.png
Cinemax,Cinemax,http://epg.ovh/logo/Cinemax.png
Cinemax 2,Cinemax 2,http://epg.ovh/logo/Cinemax+2.png
Polsat Film,Polsat Film,http://epg.ovh/logo/Polsat+Film.png
TVN Fabuła,TVN Fabuła,http://epg.ovh/logo/TVN+Fabu%c5%82a.png
Kino Polska,Kino Polska,http://epg.ovh/logo/Kino+Polska.png
Paramount Channel,Paramount Channel,http://epg.ovh/logo/Paramount+Channel.png
AMC,AMC,http://epg.ovh/logo/AMC.png
Warner TV,Warner TV,http://epg.ovh/logo/Warner+TV.png
Ale Kino+,Ale Kino+,http://epg.ovh/logo/Ale+Kino%2b.png
Stopklatka TV,Stopklatka TV,http://epg.ovh/logo/Stopklatka+TV.png
Sundance TV,Sundance TV,http://epg.ovh/logo/Sundance+TV.png
SCI FI,SCI FI,http://epg.ovh/logo/SCI+FI.png
13 Ulica,13 Ulica,http://epg.ovh/logo/13+Ulica.png
Film Cafe,Film Cafe,http://epg.ovh/logo/Film+Cafe.png
CBS Europa,CBS Europa,http://epg.ovh/logo/CBS+Europa.png
CBS Action,CBS Action,http://epg.ovh/logo/CBS+Action.png
AXN,AXN,http://epg.ovh/logo/AXN.png
AXN Black,AXN Black,http://epg.ovh/logo/AXN+Black.png
AXN Spin,AXN Spin,http://epg.ovh/logo/AXN+Spin.png
AXN White,AXN White,http://epg.ovh/logo/AXN+White.png
Kino TV,Kino TV,http://epg.ovh/logo/Kino+TV.png
FilmBox Action,FilmBox Action,http://epg.ovh/logo/FilmBox+Action.png
Filmbox Arthouse,Filmbox Arthouse,http://epg.ovh/logo/Filmbox+Arthouse.png
Filmbox Extra HD,Filmbox Extra HD,http://epg.ovh/logo/Filmbox+Extra+HD.png
Filmbox Family,Filmbox Family,http://epg.ovh/logo/Filmbox+Family.png
Filmbox Premium HD,Filmbox Premium HD,http://epg.ovh/logo/Filmbox+Premium+HD.png
NOVELA TV,NOVELA TV,http://epg.ovh/logo/NOVELA+TV.png
Polsat Seriale,Polsat Seriale,http://epg.ovh/logo/Polsat+Seriale.png
POLSAT ROMANS,POLSAT ROMANS,http://epg.ovh/logo/POLSAT+ROMANS.png
ROMANCE TV,ROMANCE TV,http://epg.ovh/logo/ROMANCE+TV.png
Epic Drama,Epic Drama,http://epg.ovh/logo/Epic+Drama.png
Novelas+,Novelas+,http://epg.ovh/logo/Novelas%2b.png
FILMAX,FILMAX,http://epg.ovh/logo/FILMAX.png
Bollywood HD,Bollywood HD,http://epg.ovh/logo/Bollywood+HD.png
Eurochannel HD,Eurochannel HD,http://epg.ovh/logo/Eurochannel+HD.png
Novelas+1,Novelas+1,http://epg.ovh/logo/Novelas%2b1.png
Grjngo Westerny,Grjngo Westerny,http://epg.ovh/logo/Grjngo+Westerny.png
BjgTjme,BjgTjme,http://epg.ovh/logo/BjgTjme.png
Top Movies Polska,Top Movies Polska,http://epg.ovh/logo/Top+Movies+Polska.png
Rakuten TV,Rakuten TV,http://epg.ovh/logo/Rakuten+TV.png
Moconomy,Moconomy,http://epg.ovh/logo/Moconomy.png
Lone Star,Lone Star,http://epg.ovh/logo/Lone+Star.png
Royalworld,Royalworld,http://epg.ovh/logo/Royalworld.png
Car City Adventures,Car City Adventures,http://epg.ovh/logo/Car+City+Adventures.png
Viasat Explore Classic,Viasat Explore Classic,http://epg.ovh/logo/Viasat+Explore+Classic.png
Red Carpet TV International,Red Carpet TV International,http://epg.ovh/logo/Red+Carpet+TV+International.png
Dla Ciebie TV,Dla Ciebie TV,http://epg.ovh/logo/Dla+Ciebie+TV.png
ViDoc TV,ViDoc TV,http://epg.ovh/logo/ViDoc+TV.png
ViDocTV 4К,ViDocTV 4К,http://epg.ovh/logo/ViDocTV+4%d0%9a.png
Viasat True Crime,Viasat True Crime,http://epg.ovh/logo/Viasat+True+Crime.png
Skyshowtime 1,Skyshowtime 1,http://epg.ovh/logo/Skyshowtime+1.png
Skyshowtime 2,Skyshowtime 2,http://epg.ovh/logo/Skyshowtime+2.png
Euronews Polska,Euronews Polska,http://epg.ovh/logo/Euronews+Polska.png
Filmy I Reality HD,Filmy I Reality HD,http://epg.ovh/logo/Filmy+I+Reality+HD.png
History 2,History 2,http://epg.ovh/logo/History+2.png
HISTORY,HISTORY,http://epg.ovh/logo/HISTORY.png
Discovery Channel,Discovery Channel,http://epg.ovh/logo/Discovery+Channel.png
Discovery Science,Discovery Science,http://epg.ovh/logo/Discovery+Science.png
Discovery Historia,Discovery Historia,http://epg.ovh/logo/Discovery+Historia.png
DTX,DTX,http://epg.ovh/logo/DTX.png
BBC Brit,BBC Brit,http://epg.ovh/logo/BBC+Brit.png
BBC Earth,BBC Earth,http://epg.ovh/logo/BBC+Earth.png
TVN Turbo,TVN Turbo,http://epg.ovh/logo/TVN+Turbo.png
Motowizja,Motowizja,http://epg.ovh/logo/Motowizja.png
Planete+,Planete+,http://epg.ovh/logo/Planete%2b.png
Polsat Play,Polsat Play,http://epg.ovh/logo/Polsat+Play.png
Polsat Doku,Polsat Doku,http://epg.ovh/logo/Polsat+Doku.png
Canal+ Dokument,Canal+ Dokument,http://epg.ovh/logo/Canal%2b+Dokument.png
DOCUBOX,DOCUBOX,http://epg.ovh/logo/DOCUBOX.png
CBS REALITY,CBS REALITY,http://epg.ovh/logo/CBS+REALITY.png
ID,ID,http://epg.ovh/logo/ID.png
CI Polsat,CI Polsat,http://epg.ovh/logo/CI+Polsat.png
National Geographic Channel,National Geographic Channel,http://epg.ovh/logo/National+Geographic+Channel.png
Nat Geo People,Nat Geo People,http://epg.ovh/logo/Nat+Geo+People.png
National Geographic Wild,National Geographic Wild,http://epg.ovh/logo/National+Geographic+Wild.png
POLSAT Viasat Explore,POLSAT Viasat Explore,http://epg.ovh/logo/POLSAT+Viasat+Explore.png
Polsat Viasat History,Polsat Viasat History,http://epg.ovh/logo/Polsat+Viasat+History.png
Polsat Viasat Nature,Polsat Viasat Nature,http://epg.ovh/logo/Polsat+Viasat+Nature.png
Animal Planet,Animal Planet,http://epg.ovh/logo/Animal+Planet.png
Love Nature 4K,Love Nature 4K,http://epg.ovh/logo/Love+Nature+4K.png
NASA TV,NASA TV,http://epg.ovh/logo/NASA+TV.png
NASA UHD,NASA UHD,http://epg.ovh/logo/NASA+UHD.png
InUltra,InUltra,http://epg.ovh/logo/InUltra.png
Museum UHD,Museum UHD,http://epg.ovh/logo/Museum+UHD.png
Discovery Ultra 4K,Discovery Ultra 4K,http://epg.ovh/logo/Discovery+Ultra+4K.png
Active Family,Active Family,http://epg.ovh/logo/Active+Family.png
Adventure,Adventure,http://epg.ovh/logo/Adventure.png
Discovery Life,Discovery Life,http://epg.ovh/logo/Discovery+Life.png
BBC Lifestyle,BBC Lifestyle,http://epg.ovh/logo/BBC+Lifestyle.png
Lifetime,Lifetime,http://epg.ovh/logo/Lifetime.png
StudioMed TV,StudioMed TV,http://epg.ovh/logo/StudioMed+TV.png
TVN Style,TVN Style,http://epg.ovh/logo/TVN+Style.png
Polsat Café,Polsat Café,http://epg.ovh/logo/Polsat+Caf%c3%a9.png
Polsat Rodzina,Polsat Rodzina,http://epg.ovh/logo/Polsat+Rodzina.png
Red Carpet TV,Red Carpet TV,http://epg.ovh/logo/Red+Carpet+TV.png
ViDoc TV1,ViDoc TV1,http://epg.ovh/logo/ViDoc+TV1.png
Red Top TV,Red Top TV,http://epg.ovh/logo/Red+Top+TV.png
Love,Love,http://epg.ovh/logo/Love.png
Travel Channel,Travel Channel,http://epg.ovh/logo/Travel+Channel.png
 TravelXP.eu, TravelXP.eu,http://epg.ovh/logo/+TravelXP.eu.png
Travel XP,Travel XP,http://epg.ovh/logo/Travel+XP.png
Travelxp 4K,Travelxp 4K,http://epg.ovh/logo/Travelxp+4K.png
TLC,TLC,http://epg.ovh/logo/TLC.png
Super TV,Super TV,http://epg.ovh/logo/Super+TV.png
TV OKAZJE,TV OKAZJE,http://epg.ovh/logo/TV+OKAZJE.png
Food Network,Food Network,http://epg.ovh/logo/Food+Network.png
Canal+ Kuchnia,Canal+ Kuchnia,http://epg.ovh/logo/Canal%2b+Kuchnia.png
Canal+ Domo,Canal+ Domo,http://epg.ovh/logo/Canal%2b+Domo.png
WATER PLANET,WATER PLANET,http://epg.ovh/logo/WATER+PLANET.png
Fashion TV,Fashion TV,http://epg.ovh/logo/Fashion+TV.png
FTV UHD,FTV UHD,http://epg.ovh/logo/FTV+UHD.png
FashionBox,FashionBox,http://epg.ovh/logo/FashionBox.png
E! Entertainment,E! Entertainment,http://epg.ovh/logo/E!+Entertainment.png
MYZEN.TV,MYZEN.TV,http://epg.ovh/logo/MYZEN.TV.png
TVP Kobieta,TVP Kobieta,http://epg.ovh/logo/TVP+Kobieta.png
Patronite Podroze,Patronite Podroze,http://epg.ovh/logo/Patronite+Podroze.png
Da Vinci Learning,Da Vinci Learning,http://epg.ovh/logo/Da+Vinci+Learning.png
Cartoon Network,Cartoon Network,http://epg.ovh/logo/Cartoon+Network.png
CARTOONITO,CARTOONITO,http://epg.ovh/logo/CARTOONITO.png
TeenNick,TeenNick,http://epg.ovh/logo/TeenNick.png
Nickelodeon,Nickelodeon,http://epg.ovh/logo/Nickelodeon.png
Nicktoons,Nicktoons,http://epg.ovh/logo/Nicktoons.png
Nick Jr.,Nick Jr.,http://epg.ovh/logo/Nick+Jr..png
Disney Channel,Disney Channel,http://epg.ovh/logo/Disney+Channel.png
Disney Junior,Disney Junior,http://epg.ovh/logo/Disney+Junior.png
Disney XD,Disney XD,http://epg.ovh/logo/Disney+XD.png
BBC CBeebies,BBC CBeebies,http://epg.ovh/logo/BBC+CBeebies.png
Teletoon,Teletoon,http://epg.ovh/logo/Teletoon.png
Minimini+,Minimini+,http://epg.ovh/logo/Minimini%2b.png
Polsat JimJam,Polsat JimJam,http://epg.ovh/logo/Polsat+JimJam.png
TOP KIDS,TOP KIDS,http://epg.ovh/logo/TOP+KIDS.png
TOP KIDS JR,TOP KIDS JR,http://epg.ovh/logo/TOP+KIDS+JR.png
Baby TV,Baby TV,http://epg.ovh/logo/Baby+TV.png
Duck TV,Duck TV,http://epg.ovh/logo/Duck+TV.png
DuckTV Plus,DuckTV Plus,http://epg.ovh/logo/DuckTV+Plus.png
TVP ABC,TVP ABC,http://epg.ovh/logo/TVP+ABC.png
TVP ABC 2,TVP ABC 2,http://epg.ovh/logo/TVP+ABC+2.png
Junior Channel,Junior Channel,http://epg.ovh/logo/Junior+Channel.png
TVP 3,TVP 3,http://epg.ovh/logo/TVP+3.png
TVP 3 Warszawa,TVP 3 Warszawa,http://epg.ovh/logo/TVP+3+Warszawa.png
TVP 3 Białystok,TVP 3 Białystok,http://epg.ovh/logo/TVP+3+Bia%c5%82ystok.png
TVP 3 Kraków,TVP 3 Kraków,http://epg.ovh/logo/TVP+3+Krak%c3%b3w.png
TVP 3 Katowice,TVP 3 Katowice,http://epg.ovh/logo/TVP+3+Katowice.png
TVP 3 Szczecin,TVP 3 Szczecin,http://epg.ovh/logo/TVP+3+Szczecin.png
TVP 3 Gdańsk,TVP 3 Gdańsk,http://epg.ovh/logo/TVP+3+Gda%c5%84sk.png
TVP 3 Bydgoszcz,TVP 3 Bydgoszcz,http://epg.ovh/logo/TVP+3+Bydgoszcz.png
TVP 3 Lublin,TVP 3 Lublin,http://epg.ovh/logo/TVP+3+Lublin.png
TVP 3 Łódź,TVP 3 Łódź,http://epg.ovh/logo/TVP+3+%c5%81%c3%b3d%c5%ba.png
TVP 3 Poznań,TVP 3 Poznań,http://epg.ovh/logo/TVP+3+Pozna%c5%84.png
TVP 3 Rzeszow,TVP 3 Rzeszow,http://epg.ovh/logo/TVP+3+Rzeszow.png
TVP 3 Wrocław,TVP 3 Wrocław,http://epg.ovh/logo/TVP+3+Wroc%c5%82aw.png
TVP 3 Kielce,TVP 3 Kielce,http://epg.ovh/logo/TVP+3+Kielce.png
TVP 3 Olsztyn,TVP 3 Olsztyn,http://epg.ovh/logo/TVP+3+Olsztyn.png
TVP 3 Gorzow Wielkopolski,TVP 3 Gorzow Wielkopolski,http://epg.ovh/logo/TVP+3+Gorzow+Wielkopolski.png
TVP 3 Opole,TVP 3 Opole,http://epg.ovh/logo/TVP+3+Opole.png
TVP Wilno,TVP Wilno,http://epg.ovh/logo/TVP+Wilno.png
Belsat TV,Belsat TV,http://epg.ovh/logo/Belsat+TV.png
tvregionalna.pl,tvregionalna.pl,http://epg.ovh/logo/tvregionalna.pl.png
TV Regionalna,TV Regionalna,http://epg.ovh/logo/TV+Regionalna.png
TV Regio,TV Regio,http://epg.ovh/logo/TV+Regio.png
Toya,Toya,http://epg.ovh/logo/Toya.png
TVT,TVT,http://epg.ovh/logo/TVT.png
TV ASTA,TV ASTA,http://epg.ovh/logo/TV+ASTA.png
ProArt,ProArt,http://epg.ovh/logo/ProArt.png
TV TORUŃ,TV TORUŃ,http://epg.ovh/logo/TV+TORU%c5%83.png
SFERA TV,SFERA TV,http://epg.ovh/logo/SFERA+TV.png
ZTV Zachodniopomorska,ZTV Zachodniopomorska,http://epg.ovh/logo/ZTV+Zachodniopomorska.png
TV KUJAWY,TV Kujawy,http://epg.ovh/logo/TV+KUJAWY.png
TV ZGORZELEC,TV ZGORZELEC,http://epg.ovh/logo/TV+ZGORZELEC.png
FMT,FMT,http://epg.ovh/logo/FMT.png
Truso TV,Truso TV,http://epg.ovh/logo/Truso+TV.png
Telewizja Pogranicze HD,Telewizja Pogranicze HD,http://epg.ovh/logo/Telewizja+Pogranicze+HD.png
DLACIEBIE TV,DLACIEBIE TV,http://epg.ovh/logo/DLACIEBIE+TV.png
TV echo 24,TV echo 24,http://epg.ovh/logo/TV+echo+24.png
TV Jaslo,TV Jaslo,http://epg.ovh/logo/TV+Jaslo.png
EWTN Polska,EWTN Polska,http://epg.ovh/logo/EWTN+Polska.png
WTK,WTK,http://epg.ovh/logo/WTK.png
Nova,Nova,http://epg.ovh/logo/Nova.png
TV RELAX,TV RELAX,http://epg.ovh/logo/TV+RELAX.png
DAMI TV,DAMI TV,http://epg.ovh/logo/DAMI+TV.png
NEW TV,NEW TV,http://epg.ovh/logo/NEW+TV.png
Deluxe Dance,Deluxe Dance,http://epg.ovh/logo/Deluxe+Dance.png
Music Box Classic,Music Box Classic,http://epg.ovh/logo/Music+Box+Classic.png
London Live Music HD,London Live Music HD,http://epg.ovh/logo/London+Live+Music+HD.png
LivePop Concerts HD,LivePop Concerts HD,http://epg.ovh/logo/LivePop+Concerts+HD.png
Music+ HD,Music+ HD,http://epg.ovh/logo/Music%2b+HD.png
DeeJay HD,DeeJay HD,http://epg.ovh/logo/DeeJay+HD.png
Schlager Deluxe,Schlager Deluxe,http://epg.ovh/logo/Schlager+Deluxe.png
Deutsches Musik Fernsehen,Deutsches Musik Fernsehen,http://epg.ovh/logo/Deutsches+Musik+Fernsehen.png
Qwest TV,Qwest TV,http://epg.ovh/logo/Qwest+TV.png
NOW Rock,NOW Rock,http://epg.ovh/logo/NOW+Rock.png
Radio Ibiza TV,Radio Ibiza TV,http://epg.ovh/logo/Radio+Ibiza+TV.png
Clubbing TV 1,Clubbing TV 1,http://epg.ovh/logo/Clubbing+TV+1.png
Dance Trippin TV,Dance Trippin TV,http://epg.ovh/logo/Dance+Trippin+TV.png
Nuta Gold,Nuta Gold,http://epg.ovh/logo/Nuta+Gold.png
MixTape HD,MixTape HD,http://epg.ovh/logo/MixTape+HD.png
Ultra TV,Ultra TV,http://epg.ovh/logo/Ultra+TV.png
VIVA Polska,VIVA Polska,http://epg.ovh/logo/VIVA+Polska.png
Deluxe Music HD,Deluxe Music HD,http://epg.ovh/logo/Deluxe+Music+HD.png
First Music Channel HD,First Music Channel HD,http://epg.ovh/logo/First+Music+Channel+HD.png
EU Music HD,EU Music HD,http://epg.ovh/logo/EU+Music+HD.png
360 TUNEBOX,360 TUNEBOX,http://epg.ovh/logo/360+TUNEBOX.png
4ever music HD,4ever music HD,http://epg.ovh/logo/4ever+music+HD.png
Stingray CMusic,Stingray CMusic,http://epg.ovh/logo/Stingray+CMusic.png
Stingray iConcerts,Stingray iConcerts,http://epg.ovh/logo/Stingray+iConcerts.png
Stingray Classica,Stingray Classica,http://epg.ovh/logo/Stingray+Classica.png
Stingray Djazz,Stingray Djazz,http://epg.ovh/logo/Stingray+Djazz.png
Stingray Festival 4K,Stingray Festival 4K,http://epg.ovh/logo/Stingray+Festival+4K.png
MUSIC BOX,MUSIC BOX,http://epg.ovh/logo/MUSIC+BOX.png
MEZZO LIVE,MEZZO LIVE,http://epg.ovh/logo/MEZZO+LIVE.png
MEZZO,MEZZO,http://epg.ovh/logo/MEZZO.png
Jazz HD,Jazz HD,http://epg.ovh/logo/Jazz+HD.png
TWOJA TV,TWOJA TV,http://epg.ovh/logo/TWOJA+TV.png
Opoka TV,Opoka TV HD,http://epg.ovh/logo/Opoka+TV.png
Trace Urban,Trace Urban,http://epg.ovh/logo/Trace+Urban.png
POWER TV,POWER TV,http://epg.ovh/logo/POWER+TV.png
Nuta TV,Nuta TV,http://epg.ovh/logo/Nuta+TV.png
Stars TV,Stars TV,http://epg.ovh/logo/Stars+TV.png
Vox Music TV,Vox Music TV,http://epg.ovh/logo/Vox+Music+TV.png
GOLD TV,GOLD TV,http://epg.ovh/logo/GOLD+TV.png
Polo TV,Polo TV,http://epg.ovh/logo/Polo+TV.png
Polsat Music,Polsat Music,http://epg.ovh/logo/Polsat+Music.png
Disco Polo Music,Disco Polo Music,http://epg.ovh/logo/Disco+Polo+Music.png
Kino Polska Muzyka,Kino Polska Muzyka,http://epg.ovh/logo/Kino+Polska+Muzyka.png
NICKMUSIC,NICKMUSIC,http://epg.ovh/logo/NICKMUSIC.png
MTV Germany,MTV Germany,http://epg.ovh/logo/MTV+Germany.png
MTV Polska,MTV Polska,http://epg.ovh/logo/MTV+Polska.png
Eska Rock TV,Eska Rock TV,http://epg.ovh/logo/Eska+Rock+TV.png
Eska TV Extra,Eska TV Extra,http://epg.ovh/logo/Eska+TV+Extra.png
Eska TV,Eska TV,http://epg.ovh/logo/Eska+TV.png
4FUN KIDS,4FUN KIDS,http://epg.ovh/logo/4FUN+KIDS.png
4FUN DANCE,4FUN DANCE,http://epg.ovh/logo/4FUN+DANCE.png
4FUN TV,4FUN TV,http://epg.ovh/logo/4FUN+TV.png
NFL Network,NFL Network,http://epg.ovh/logo/NFL+Network.png
ESPN,ESPN,http://epg.ovh/logo/ESPN.png
ESPN 2,ESPN 2,http://epg.ovh/logo/ESPN+2.png
ESPNU,ESPNU,http://epg.ovh/logo/ESPNU.png
FS1,FS1,http://epg.ovh/logo/FS1.png
FS2,FS2,http://epg.ovh/logo/FS2.png
TSN 1,TSN 1,http://epg.ovh/logo/TSN+1.png
TSN 2,TSN 2,http://epg.ovh/logo/TSN+2.png
TSN 3,TSN 3,http://epg.ovh/logo/TSN+3.png
TSN 4,TSN 4,http://epg.ovh/logo/TSN+4.png
TSN 5,TSN 5,http://epg.ovh/logo/TSN+5.png
TSN 4K,TSN 4K,http://epg.ovh/logo/TSN+4K.png
Sport1+,Sport1+,http://epg.ovh/logo/Sport1%2b.png
VOD Cyfrowy Polsat,VOD Cyfrowy Polsat,http://epg.ovh/logo/VOD+Cyfrowy+Polsat.png
Polsat GO PPV,Polsat GO PPV,http://epg.ovh/logo/Polsat+GO+PPV.png
PPV Stream,PPV Stream,http://epg.ovh/logo/PPV+Stream.png
PlayLive PPV Platform,PlayLive PPV Platform,http://epg.ovh/logo/PlayLive+PPV+Platform.png
PPV,PPV,http://epg.ovh/logo/PPV.png
Outdoor TV,Outdoor TV,http://epg.ovh/logo/Outdoor+TV.png
Xtreme TV,Xtreme TV,http://epg.ovh/logo/Xtreme+TV.png
Sportowa.TV,Sportowa.TV,http://epg.ovh/logo/Sportowa.TV.png
Polska Liga Esportowa,Polska Liga Esportowa,http://epg.ovh/logo/Polska+Liga+Esportowa.png
Tennis Channel,Tennis Channel,http://epg.ovh/logo/Tennis+Channel.png
DAZN 1,DAZN 1,http://epg.ovh/logo/DAZN+1.png
DAZN 2,DAZN 2,http://epg.ovh/logo/DAZN+2.png
DAZN Fast,DAZN Fast,http://epg.ovh/logo/DAZN+Fast.png
DAZN Rise,DAZN Rise,http://epg.ovh/logo/DAZN+Rise.png
Sky Budesliga 2,Sky Budesliga 2,http://epg.ovh/logo/Sky+Budesliga+2.png
Sky Sport 1,Sky Sport 1,http://epg.ovh/logo/Sky+Sport+1.png
Sky Sport 2,Sky Sport 2,http://epg.ovh/logo/Sky+Sport+2.png
UFC TV HD,UFC TV HD,http://epg.ovh/logo/UFC+TV+HD.png
Prime MMA,Prime MMA,http://epg.ovh/logo/Prime+MMA.png
KSW,KSW,http://epg.ovh/logo/KSW.png
FAME MMA HD,FAME MMA HD,http://epg.ovh/logo/FAME+MMA+HD.png
PPV Event Fight 1 HD,PPV Event Fight 1 HD,http://epg.ovh/logo/PPV+Event+Fight+1+HD.png
PPV Event Fight 2 HD,PPV Event Fight 2 HD,http://epg.ovh/logo/PPV+Event+Fight+2+HD.png
Canal+ Now,Canal+ Now,http://epg.ovh/logo/Canal%2b+Now.png
fast-n-funbox-hd,fast-n-funbox-hd,http://epg.ovh/logo/fast-n-funbox-hd.png
eSports One HD,eSports One HD,http://epg.ovh/logo/eSports+One+HD.png
ESports Revolution HD,ESports Revolution HD,http://epg.ovh/logo/ESports+Revolution+HD.png
Fight Network,Fight Network,http://epg.ovh/logo/Fight+Network.png
NBA TV HD,NBA TV HD,http://epg.ovh/logo/NBA+TV+HD.png
E-SPORT,E-SPORT,http://epg.ovh/logo/E-SPORT.png
GINX ESPORTS TV,GINX ESPORTS TV,http://epg.ovh/logo/GINX+ESPORTS+TV.png
Gametoon,Gametoon,http://epg.ovh/logo/Gametoon.png
Polsat Sport Premium 6,Polsat Sport Premium 6,http://epg.ovh/logo/Polsat+Sport+Premium+6.png
Polsat Sport Extra 4,Polsat Sport Extra 4,http://epg.ovh/logo/Polsat+Sport+Extra+4.png
Polsat Sport Premium 5,Polsat Sport Premium 5,http://epg.ovh/logo/Polsat+Sport+Premium+5.png
Polsat Sport Extra 3,Polsat Sport Extra 3,http://epg.ovh/logo/Polsat+Sport+Extra+3.png
Polsat Sport Premium 4,Polsat Sport Premium 4,http://epg.ovh/logo/Polsat+Sport+Premium+4.png
Polsat Sport Extra 2,Polsat Sport Extra 2,http://epg.ovh/logo/Polsat+Sport+Extra+2.png
Polsat Sport Premium 3,Polsat Sport Premium 3,http://epg.ovh/logo/Polsat+Sport+Premium+3.png
Polsat Sport Extra 1,Polsat Sport Extra 1,http://epg.ovh/logo/Polsat+Sport+Extra+1.png
Polsat Sport Premium 2,Polsat Sport Premium 2,http://epg.ovh/logo/Polsat+Sport+Premium+2.png
Polsat Sport Premium 1,Polsat Sport Premium 1,http://epg.ovh/logo/Polsat+Sport+Premium+1.png
Prime Fight HD,Prime Fight HD,http://epg.ovh/logo/Prime+Fight+HD.png
FUN BOX,FUN BOX,http://epg.ovh/logo/FUN+BOX.png
Extreme Sports Channel,Extreme Sports Channel,http://epg.ovh/logo/Extreme+Sports+Channel.png
Golf Channel,Golf Channel,http://epg.ovh/logo/Golf+Channel.png
Sportklub,Sportklub,http://epg.ovh/logo/Sportklub.png
FIGHTKLUB,FIGHTKLUB,http://epg.ovh/logo/FIGHTKLUB.png
FightBox,FightBox,http://epg.ovh/logo/FightBox.png
Polsat Sport Fight,Polsat Sport Fight,http://epg.ovh/logo/Polsat+Sport+Fight.png
Polsat Sport News,Polsat Sport News,http://epg.ovh/logo/Polsat+Sport+News.png
Polsat Sport 3,Polsat Sport 3,http://epg.ovh/logo/Polsat+Sport+3.png
Polsat Sport Extra,Polsat Sport Extra,http://epg.ovh/logo/Polsat+Sport+Extra.png
Polsat Sport 2,Polsat Sport 2,http://epg.ovh/logo/Polsat+Sport+2.png
Polsat Sport,Polsat Sport,http://epg.ovh/logo/Polsat+Sport.png
Polsat Sport 1,Polsat Sport 1,http://epg.ovh/logo/Polsat+Sport+1.png
Eurosport 3,Eurosport 3,http://epg.ovh/logo/Eurosport+3.png
Eurosport 2,Eurosport 2,http://epg.ovh/logo/Eurosport+2.png
Eurosport,Eurosport,http://epg.ovh/logo/Eurosport.png
Eleven Sports 4,Eleven Sports 4,http://epg.ovh/logo/Eleven+Sports+4.png
Eleven Sports 3,Eleven Sports 3,http://epg.ovh/logo/Eleven+Sports+3.png
Eleven Sports 2,Eleven Sports 2,http://epg.ovh/logo/Eleven+Sports+2.png
Eleven Sports 1,Eleven Sports 1,http://epg.ovh/logo/Eleven+Sports+1.png
Eleven Sports 4K,Eleven Sports 4K,http://epg.ovh/logo/Eleven+Sports+4K.png
Eleven Sports Online 1,Eleven Sports Online 1,http://epg.ovh/logo/Eleven+Sports+Online+1.png
Eleven Sports Online 2,Eleven Sports Online 2,http://epg.ovh/logo/Eleven+Sports+Online+2.png
Eleven Sports Online 3,Eleven Sports Online 3,http://epg.ovh/logo/Eleven+Sports+Online+3.png
Eleven Sports Online 4,Eleven Sports Online 4,http://epg.ovh/logo/Eleven+Sports+Online+4.png
Eleven Sports Online 5,Eleven Sports Online 5,http://epg.ovh/logo/Eleven+Sports+Online+5.png
Eleven Sports Online 6,Eleven Sports Online 6,http://epg.ovh/logo/Eleven+Sports+Online+6.png
Eleven Sports Online 7,Eleven Sports Online 7,http://epg.ovh/logo/Eleven+Sports+Online+7.png
Eleven Sports Online 8,Eleven Sports Online 8,http://epg.ovh/logo/Eleven+Sports+Online+8.png
Eleven Sports Online 9,Eleven Sports Online 9,http://epg.ovh/logo/Eleven+Sports+Online+9.png
Eleven Sports Online 10,Eleven Sports Online 10,http://epg.ovh/logo/Eleven+Sports+Online+10.png
Eleven Sports Online 11,Eleven Sports Online 11,http://epg.ovh/logo/Eleven+Sports+Online+11.png
Eleven Sports Online 12,Eleven Sports Online 12,http://epg.ovh/logo/Eleven+Sports+Online+12.png
Eleven Sports Online 13,Eleven Sports Online 13,http://epg.ovh/logo/Eleven+Sports+Online+13.png
Eleven Sports Online 14,Eleven Sports Online 14,http://epg.ovh/logo/Eleven+Sports+Online+14.png
Eleven Sports Online 15,Eleven Sports Online 15,http://epg.ovh/logo/Eleven+Sports+Online+15.png
Eleven Sports Online 16,Eleven Sports Online 16,http://epg.ovh/logo/Eleven+Sports+Online+16.png
Eleven Sports Online 17,Eleven Sports Online 17,http://epg.ovh/logo/Eleven+Sports+Online+17.png
Eleven Sports Online 18,Eleven Sports Online 18,http://epg.ovh/logo/Eleven+Sports+Online+18.png
Eleven Sports Online 19,Eleven Sports Online 19,http://epg.ovh/logo/Eleven+Sports+Online+19.png
Eleven Sports Online 20,Eleven Sports Online 20,http://epg.ovh/logo/Eleven+Sports+Online+20.png
Eleven Sports Online 21,Eleven Sports Online 21,http://epg.ovh/logo/Eleven+Sports+Online+21.png
TVP Sport,TVP Sport,http://epg.ovh/logo/TVP+Sport.png
Canal+ Sport 5,Canal+ Sport 5,http://epg.ovh/logo/Canal%2b+Sport+5.png
Canal+ Sport 4,Canal+ Sport 4,http://epg.ovh/logo/Canal%2b+Sport+4.png
Canal+ Sport 3,Canal+ Sport 3,http://epg.ovh/logo/Canal%2b+Sport+3.png
Canal+ Sport 2,Canal+ Sport 2,http://epg.ovh/logo/Canal%2b+Sport+2.png
Canal+ Sport,Canal+ Sport,http://epg.ovh/logo/Canal%2b+Sport.png
Republika Drugi Kanal,Republika Drugi Kanal,http://epg.ovh/logo/Republika+Drugi+Kanal.png
Galeria,Galeria,http://epg.ovh/logo/Galeria.png
Bloomberg,Bloomberg,http://epg.ovh/logo/Bloomberg.png
Sky News,Sky News,http://epg.ovh/logo/Sky+News.png
TV Biznesowa,TV Biznesowa,http://epg.ovh/logo/TV+Biznesowa.png
TRT World HD,TRT World HD,http://epg.ovh/logo/TRT+World+HD.png
News24,News24,http://epg.ovh/logo/News24.png
TV TRWAM,TV TRWAM,http://epg.ovh/logo/TV+TRWAM.png
Al Jazeera,Al Jazeera,http://epg.ovh/logo/Al+Jazeera.png
BBC World News,BBC World News,http://epg.ovh/logo/BBC+World+News.png
DW,DW,http://epg.ovh/logo/DW.png
CNBC,CNBC,http://epg.ovh/logo/CNBC.png
Fox News,Fox News,http://epg.ovh/logo/Fox+News.png
CNN,CNN,http://epg.ovh/logo/CNN.png
English Club TV HD,English Club TV HD,http://epg.ovh/logo/English+Club+TV+HD.png
France 24 FR,France 24 FR,http://epg.ovh/logo/France+24+FR.png
France 24 UK,France 24 UK,http://epg.ovh/logo/France+24+UK.png
TVP Parlament,TVP Parlament,http://epg.ovh/logo/TVP+Parlament.png
TVP World,TVP World,http://epg.ovh/logo/TVP+World.png
iTVN,iTVN,http://epg.ovh/logo/iTVN.png
iTVN extra,iTVN extra,http://epg.ovh/logo/iTVN+extra.png
Biznes 24,Biznes 24,http://epg.ovh/logo/Biznes+24.png
wPolsce.pl,wPolsce.pl,http://epg.ovh/logo/wPolsce.pl.png
wPolsce 24,wPolsce 24,http://epg.ovh/logo/wPolsce+24.png
wPolsce 24 4K,wPolsce 24 4K,http://epg.ovh/logo/wPolsce+24+4K.png
Superstacja,Superstacja,http://epg.ovh/logo/Superstacja.png
Wydarzenia 24,Wydarzenia 24,http://epg.ovh/logo/Wydarzenia+24.png
Republika,Republika,http://epg.ovh/logo/Republika.png
Polsat News Polityka,Polsat News Polityka,http://epg.ovh/logo/Polsat+News+Polityka.png
POLSAT NEWS 2,POLSAT NEWS 2,http://epg.ovh/logo/POLSAT+NEWS+2.png
Polsat News,Polsat News,http://epg.ovh/logo/Polsat+News.png
TVN 24 BiS,TVN 24 BiS,http://epg.ovh/logo/TVN+24+BiS.png
TVN 24,TVN 24,http://epg.ovh/logo/TVN+24.png
TVP Info,TVP Info,http://epg.ovh/logo/TVP+Info.png
Reality Kings TV,Reality Kings TV,http://epg.ovh/logo/Reality+Kings+TV.png
Eroxxx,Eroxxx,http://epg.ovh/logo/Eroxxx.png
Erox,Erox,http://epg.ovh/logo/Erox.png
Blue Hustler,Blue Hustler,http://epg.ovh/logo/Blue+Hustler.png
BRAZZERS TV Europe,BRAZZERS TV Europe,http://epg.ovh/logo/BRAZZERS+TV+Europe.png
Private TV HD,Private TV HD,http://epg.ovh/logo/Private+TV+HD.png
Dorcel TV HD,Dorcel TV HD,http://epg.ovh/logo/Dorcel+TV+HD.png
Dorcel XXX,Dorcel XXX,http://epg.ovh/logo/Dorcel+XXX.png
Hustler HD,Hustler HD,http://epg.ovh/logo/Hustler+HD.png
Redlight HD,Redlight HD,http://epg.ovh/logo/Redlight+HD.png
Vivid Red HD,Vivid Red HD,http://epg.ovh/logo/Vivid+Red+HD.png
Vivid Touch,Vivid Touch,http://epg.ovh/logo/Vivid+Touch.png
Playboy TV,Playboy TV,http://epg.ovh/logo/Playboy+TV.png
Bang Bros,Bang Bros,http://epg.ovh/logo/Bang+Bros.png
xxxVOD2,xxxVOD2,http://epg.ovh/logo/xxxVOD2.png
Passion XXX,Passion XXX,http://epg.ovh/logo/Passion+XXX.png
PINK O TV,PINK O TV,http://epg.ovh/logo/PINK+O+TV.png
Erotic 1,Erotic 1,http://epg.ovh/logo/Erotic+1.png
Extasy 4K,Extasy 4K,http://epg.ovh/logo/Extasy+4K.png
VOX FM,VOX FM,http://epg.ovh/logo/VOX+FM.png
ESKA,ESKA,http://epg.ovh/logo/ESKA.png
ESKA Rock,ESKA Rock,http://epg.ovh/logo/ESKA+Rock.png
Planeta House,Planeta House,http://epg.ovh/logo/Planeta+House.png
RADIO_PL_ANTYRADIO,[RADIO PL] Antyradio,http://epg.ovh/logo/RADIO_PL_ANTYRADIO.png
RADIO_PL_CHILLIZET,[RADIO PL] Chillizet,http://epg.ovh/logo/RADIO_PL_CHILLIZET.png
RADIO_PL_MELORADIO,[RADIO PL] Melo Radio,http://epg.ovh/logo/RADIO_PL_MELORADIO.png
RADIO_PL_MUZO_FM,[RADIO PL] Muzo FM,http://epg.ovh/logo/RADIO_PL_MUZO_FM.png
RADIO_PL_RADIOZET,[RADIO PL] ZET,http://epg.ovh/logo/RADIO_PL_RADIOZET.png
RADIO_PL_TOK_FM,[RADIO PL] Tok FM,http://epg.ovh/logo/RADIO_PL_TOK_FM.png
RMF24,RMF24,http://epg.ovh/logo/RMF24.png
RADIO_PL_RMF,[RADIO PL] RMF FM,http://epg.ovh/logo/RADIO_PL_RMF.png
RADIO_PL_RMF_CLASSIC,[RADIO PL] RMF Classic,http://epg.ovh/logo/RADIO_PL_RMF_CLASSIC.png
RADIO_PL_RMF_MAXXX,[RADIO PL] RMF Maxxx,http://epg.ovh/logo/RADIO_PL_RMF_MAXXX.png
RADIO_PL_RADIO24,RADIO_PL_RADIO24,http://epg.ovh/logo/RADIO_PL_RADIO24.png
RADIO_PL_JEDYNKA,[RADIO PL] Polskie Radio Jedynka,http://epg.ovh/logo/RADIO_PL_JEDYNKA.png
RADIO_PL_DWOJKA,[RADIO PL] Polskie Radio Dwójka,http://epg.ovh/logo/RADIO_PL_DWOJKA.png
RADIO_PL_TROJKA,[RADIO PL] Polskie Radio Trójka,http://epg.ovh/logo/RADIO_PL_TROJKA.png
Polskie Radio Czwórka,Polskie Radio Czwórka,http://epg.ovh/logo/Polskie+Radio+Czw%c3%b3rka.png
RADIO_PL_ZLOTE_PRZEBOJE,RADIO_PL_ZLOTE_PRZEBOJE,http://epg.ovh/logo/RADIO_PL_ZLOTE_PRZEBOJE.png
RADIO_PL_JASNA_GORA,RADIO_PL_JASNA_GORA,http://epg.ovh/logo/RADIO_PL_JASNA_GORA.png
Music Choice,Music Choice,http://epg.ovh/logo/Music+Choice.png
Radio Nowy Swiat,Radio Nowy Swiat,http://epg.ovh/logo/Radio+Nowy+Swiat.png
Newonce,Newonce,http://epg.ovh/logo/Newonce.png
Radio 357,Radio 357,http://epg.ovh/logo/Radio+357.png
NC+ RADIO,NC+ RADIO,http://epg.ovh/logo/NC%2b+RADIO.png
NC+ PR,NC+ PR,http://epg.ovh/logo/NC%2b+PR.png
Radio WAWA,Radio WAWA,http://epg.ovh/logo/Radio+WAWA.png
Polskie Radio dla Zagranicy,Polskie Radio dla Zagranicy,http://epg.ovh/logo/Polskie+Radio+dla+Zagranicy.png
Radio Maryja,Radio Maryja,http://epg.ovh/logo/Radio+Maryja.png
Radio Wnet,Radio Wnet,http://epg.ovh/logo/Radio+Wnet.png
RADIO PLUS,RADIO PLUS,http://epg.ovh/logo/RADIO+PLUS.png
RADIO POGODA,RADIO POGODA,http://epg.ovh/logo/RADIO+POGODA.png
Radio Szczecin,Radio Szczecin,http://epg.ovh/logo/Radio+Szczecin.png
RMF polskie przeboje,RMF polskie przeboje,http://epg.ovh/logo/RMF+polskie+przeboje.png
WP Radio,WP Radio,http://epg.ovh/logo/WP+Radio.png
Kapitan Bomba TV,Kapitan Bomba TV,http://epg.ovh/logo/Kapitan+Bomba+TV.png
Porucznik Kabura TV,Porucznik Kabura TV,http://epg.ovh/logo/Porucznik+Kabura+TV.png
ULTRA TV 4K,ULTRA TV 4K,http://epg.ovh/logo/ULTRA+TV+4K.png
home4k,home4k,http://epg.ovh/logo/home4k.png
C4K360,C4K360,http://epg.ovh/logo/C4K360.png
DaVinci Operation Ouch HD,DaVinci Operation Ouch HD,http://epg.ovh/logo/DaVinci+Operation+Ouch+HD.png
DaVinci Explore the World HD,DaVinci Explore the World HD,http://epg.ovh/logo/DaVinci+Explore+the+World+HD.png
DaVinci Fun Learning HD,DaVinci Fun Learning HD,http://epg.ovh/logo/DaVinci+Fun+Learning+HD.png
Glina TV,Glina TV,http://epg.ovh/logo/Glina+TV.png
Didaskalia TV,Didaskalia TV,http://epg.ovh/logo/Didaskalia+TV.png
Sejm na żywo,Sejm na żywo,http://epg.ovh/logo/Sejm+na+%c5%bcywo.png
Transmisja z Sejmu,Transmisja z Sejmu,http://epg.ovh/logo/Transmisja+z+Sejmu.png
Sejm RP,Sejm RP,http://epg.ovh/logo/Sejm+RP.png
Benchmark TV,Benchmark TV,http://epg.ovh/logo/Benchmark+TV.png
Polonico TV,Polonico TV,http://epg.ovh/logo/Polonico+TV.png
Cars i Stars HD,Cars i Stars HD,http://epg.ovh/logo/Cars+i+Stars+HD.png
RTL 102.5,RTL 102.5,http://epg.ovh/logo/RTL+102.5.png
Rai 4K,Rai 4K,http://epg.ovh/logo/Rai+4K.png
HotBird 4K1,HotBird 4K1,http://epg.ovh/logo/HotBird+4K1.png
GOD TV,GOD TV,http://epg.ovh/logo/GOD+TV.png
SBN,SBN,http://epg.ovh/logo/SBN.png
2x2,2x2,http://epg.ovh/logo/2x2.png
EURONEWS HD,EURONEWS HD,http://epg.ovh/logo/EURONEWS+HD.png
AXN NOW,AXN NOW,http://epg.ovh/logo/AXN+NOW.png
PARAMOUNT PLAY,PARAMOUNT PLAY,http://epg.ovh/logo/PARAMOUNT+PLAY.png
NICK PLAY,NICK PLAY,http://epg.ovh/logo/NICK+PLAY.png
EVENT1,EVENT1,http://epg.ovh/logo/EVENT1.png
EVENT2,EVENT2,http://epg.ovh/logo/EVENT2.png
EVENT3,EVENT3,http://epg.ovh/logo/EVENT3.png
EVENT4,EVENT4,http://epg.ovh/logo/EVENT4.png
LOGGED FREE COLLECTION,LOGGED FREE COLLECTION,http://epg.ovh/logo/LOGGED+FREE+COLLECTION.png
TV 1000,TV 1000,http://epg.ovh/logo/TV+1000.png
Viaplay Xtra,Viaplay Xtra,http://epg.ovh/logo/Viaplay+Xtra.png
Viaplay Sports 1,Viaplay Sports 1,http://epg.ovh/logo/Viaplay+Sports+1.png
Viaplay Sports 2,Viaplay Sports 2,http://epg.ovh/logo/Viaplay+Sports+2.png
Viaplay,Viaplay,http://epg.ovh/logo/Viaplay.png
UA TV HD,UA TV HD,http://epg.ovh/logo/UA+TV+HD.png
Karuzela Śmiechu,Karuzela Śmiechu,http://epg.ovh/logo/Karuzela+%c5%9amiechu.png
Kabaret TV,Kabaret TV,http://epg.ovh/logo/Kabaret+TV.png
1+1 International,1+1 International,http://epg.ovh/logo/1%2b1+International.png
KYC KYC,KYC KYC,http://epg.ovh/logo/KYC+KYC.png
KVARTAL TV,KVARTAL TV,http://epg.ovh/logo/KVARTAL+TV.png
FILM UA DRAMA,FILM UA DRAMA,http://epg.ovh/logo/FILM+UA+DRAMA.png
DACHA,DACHA,http://epg.ovh/logo/DACHA.png
XSport,XSport,http://epg.ovh/logo/XSport.png
Star Cinema,Star Cinema,http://epg.ovh/logo/Star+Cinema.png
Star Family,Star Family,http://epg.ovh/logo/Star+Family.png
Eurodance 90,Eurodance 90,http://epg.ovh/logo/Eurodance+90.png
TVi Roland,TVi Roland,http://epg.ovh/logo/TVi+Roland.png
Polskie biesiady bis,Polskie biesiady bis,http://epg.ovh/logo/Polskie+biesiady+bis.png
TV Media Narodowe,TV Media Narodowe,http://epg.ovh/logo/TV+Media+Narodowe.png
POLSKA360,POLSKA360,http://epg.ovh/logo/POLSKA360.png
Event,Event,http://epg.ovh/logo/Event.png
TeenPlay,TeenPlay,http://epg.ovh/logo/TeenPlay.png
HBO MAX,HBO MAX,http://epg.ovh/logo/HBO+MAX.png
NETFLIX,NETFLIX,http://epg.ovh/logo/NETFLIX.png
Canal+ Live,Canal+ Live,http://epg.ovh/logo/Canal%2b+Live.png
Canal+ Live 1,Canal+ Live 1,http://epg.ovh/logo/Canal%2b+Live+1.png
Canal+ Live 2,Canal+ Live 2,http://epg.ovh/logo/Canal%2b+Live+2.png
Canal+ Live 3,Canal+ Live 3,http://epg.ovh/logo/Canal%2b+Live+3.png
Canal+ Live 4,Canal+ Live 4,http://epg.ovh/logo/Canal%2b+Live+4.png
Canal+ Live 5,Canal+ Live 5,http://epg.ovh/logo/Canal%2b+Live+5.png
Canal+ 360,Canal+ 360,http://epg.ovh/logo/Canal%2b+360.png
Canal+ Extra 1,Canal+ Extra 1,http://epg.ovh/logo/Canal%2b+Extra+1.png
Canal+ Extra 2,Canal+ Extra 2,http://epg.ovh/logo/Canal%2b+Extra+2.png
Canal+ Extra 3,Canal+ Extra 3,http://epg.ovh/logo/Canal%2b+Extra+3.png
Canal+ Extra 4,Canal+ Extra 4,http://epg.ovh/logo/Canal%2b+Extra+4.png
Canal+ Extra 5,Canal+ Extra 5,http://epg.ovh/logo/Canal%2b+Extra+5.png
Canal+ Extra 6,Canal+ Extra 6,http://epg.ovh/logo/Canal%2b+Extra+6.png
Canal+ Extra 7,Canal+ Extra 7,http://epg.ovh/logo/Canal%2b+Extra+7.png
Canal+ Extra 8,Canal+ Extra 8,http://epg.ovh/logo/Canal%2b+Extra+8.png
Canal+ Extra 9,Canal+ Extra 9,http://epg.ovh/logo/Canal%2b+Extra+9.png
TVN Rewolucje w Kuchni Online,TVN Rewolucje w Kuchni Online,http://epg.ovh/logo/TVN+Rewolucje+w+Kuchni+Online.png
TVN Kultowe Seriale Online,TVN Kultowe Seriale Online,http://epg.ovh/logo/TVN+Kultowe+Seriale+Online.png
TVN Rajska Miłość Online,TVN Rajska Miłość Online,http://epg.ovh/logo/TVN+Rajska+Mi%c5%82o%c5%9b%c4%87+Online.png
TVN Talk Show Online,TVN Talk Show Online,http://epg.ovh/logo/TVN+Talk+Show+Online.png
TVN Kryminalnie Online,TVN Kryminalnie Online,http://epg.ovh/logo/TVN+Kryminalnie+Online.png
TVN Momenty Prawdy Online,TVN Momenty Prawdy Online,http://epg.ovh/logo/TVN+Momenty+Prawdy+Online.png
TVN Życie Jak w Bajce Online,TVN Życie Jak w Bajce Online,http://epg.ovh/logo/TVN+%c5%bbycie+Jak+w+Bajce+Online.png
TVN Szpitalne Historie Online,TVN Szpitalne Historie Online,http://epg.ovh/logo/TVN+Szpitalne+Historie+Online.png
TVN Seriale o Kobietach Online,TVN Seriale o Kobietach Online,http://epg.ovh/logo/TVN+Seriale+o+Kobietach+Online.png
TVN Telenowele Online,TVN Telenowele Online,http://epg.ovh/logo/TVN+Telenowele+Online.png
TVN Szkoła Życia Online,TVN Szkoła Życia Online,http://epg.ovh/logo/TVN+Szko%c5%82a+%c5%bbycia+Online.png
TVN W Domu Online,TVN W Domu Online,http://epg.ovh/logo/TVN+W+Domu+Online.png
TVN Moto Online,TVN Moto Online,http://epg.ovh/logo/TVN+Moto+Online.png
TVN Usterka Online,TVN Usterka Online,http://epg.ovh/logo/TVN+Usterka+Online.png
TVN Prawo i Życie Online,TVN Prawo i Życie Online,http://epg.ovh/logo/TVN+Prawo+i+%c5%bbycie+Online.png
TVN Milionerzy Online,TVN Milionerzy Online,http://epg.ovh/logo/TVN+Milionerzy+Online.png
TVN Pora na Show Online,TVN Pora na Show Online,http://epg.ovh/logo/TVN+Pora+na+Show+Online.png
TVN Czas na Ślub Online,TVN Czas na Ślub Online,http://epg.ovh/logo/TVN+Czas+na+%c5%9alub+Online.png
TVN Patrol Online,TVN Patrol Online,http://epg.ovh/logo/TVN+Patrol+Online.png
TVN Brzydula Online,TVN Brzydula Online,http://epg.ovh/logo/TVN+Brzydula+Online.png
TVN Mam Talent Online,TVN Mam Talent Online,http://epg.ovh/logo/TVN+Mam+Talent+Online.png
TVN Kulinarne Podróże Online,TVN Kulinarne Podróże Online,http://epg.ovh/logo/TVN+Kulinarne+Podr%c3%b3%c5%bce+Online.png
Bein Sports 1,Bein Sports 1,http://epg.ovh/logo/Bein+Sports+1.png
Bein Sports 2,Bein Sports 2,http://epg.ovh/logo/Bein+Sports+2.png
Bein Sports 3,Bein Sports 3,http://epg.ovh/logo/Bein+Sports+3.png
Bein Sports 4,Bein Sports 4,http://epg.ovh/logo/Bein+Sports+4.png
Bein Sports 5,Bein Sports 5,http://epg.ovh/logo/Bein+Sports+5.png
Canal+ UHD FR,Canal+ UHD FR,http://epg.ovh/logo/Canal%2b+UHD+FR.png
Canal+ Foot,Canal+ Foot,http://epg.ovh/logo/Canal%2b+Foot.png
Canal+ 360 sport,Canal+ 360 sport,http://epg.ovh/logo/Canal%2b+360+sport.png
Canal+ Top 14 Rugby,Canal+ Top 14 Rugby,http://epg.ovh/logo/Canal%2b+Top+14+Rugby.png
Sky Sport F1,Sky Sport F1,http://epg.ovh/logo/Sky+Sport+F1.png
Sky Sport Premier League,Sky Sport Premier League,http://epg.ovh/logo/Sky+Sport+Premier+League.png
Sky Sport Golf,Sky Sport Golf,http://epg.ovh/logo/Sky+Sport+Golf.png
Sky Sport Bundesliga UHD,Sky Sport Bundesliga UHD,http://epg.ovh/logo/Sky+Sport+Bundesliga+UHD.png
Sky Sport Bundesliga,Sky Sport Bundesliga,http://epg.ovh/logo/Sky+Sport+Bundesliga.png
Sky Sport Top Event,Sky Sport Top Event,http://epg.ovh/logo/Sky+Sport+Top+Event.png
Sky Sport MIX,Sky Sport MIX,http://epg.ovh/logo/Sky+Sport+MIX.png
Sky Sport Tennis,Sky Sport Tennis,http://epg.ovh/logo/Sky+Sport+Tennis.png
Canal+ Sport FR,Canal+ Sport FR,http://epg.ovh/logo/Canal%2b+Sport+FR.png
Premier Sports 1,Premier Sports 1,http://epg.ovh/logo/Premier+Sports+1.png
Premier Sports 2,Premier Sports 2,http://epg.ovh/logo/Premier+Sports+2.png
Premier Sports Rugby,Premier Sports Rugby,http://epg.ovh/logo/Premier+Sports+Rugby.png
Vsport UHD,Vsport UHD,http://epg.ovh/logo/Vsport+UHD.png
TVC Super,TVC Super,http://epg.ovh/logo/TVC+Super.png
Szlagier TV,Szlagier TV,http://epg.ovh/logo/Szlagier+TV.png
Pogoda24 TV,Pogoda24 TV,http://epg.ovh/logo/Pogoda24+TV.png
FAN Klub,FAN Klub,http://epg.ovh/logo/FAN+Klub.png
Super Express TV,Super Express TV,http://epg.ovh/logo/Super+Express+TV.png
Murator TV,Murator TV,http://epg.ovh/logo/Murator+TV.png
Poradnik Zdrowie TV,Poradnik Zdrowie TV,http://epg.ovh/logo/Poradnik+Zdrowie+TV.png
Eska FAST,Eska FAST,http://epg.ovh/logo/Eska+FAST.png
ESKA Rock FAST,ESKA Rock FAST,http://epg.ovh/logo/ESKA+Rock+FAST.png
Vox FAST,Vox FAST,http://epg.ovh/logo/Vox+FAST.png
SayHi,SayHi,http://epg.ovh/logo/SayHi.png
HiMusic,HiMusic,http://epg.ovh/logo/HiMusic.png
HiDance,HiDance,http://epg.ovh/logo/HiDance.png
Polsat Film 2,Polsat Film 2,http://epg.ovh/logo/Polsat+Film+2.png
Polsat Reality,Polsat Reality,http://epg.ovh/logo/Polsat+Reality.png
Polsat X,Polsat X,http://epg.ovh/logo/Polsat+X.png
Canal+ Ligue 1,Canal+ Ligue 1,http://epg.ovh/logo/Canal%2b+Ligue+1.png
Canal+ MOTOGP,Canal+ MOTOGP,http://epg.ovh/logo/Canal%2b+MOTOGP.png
Sky Sports Premier League,Sky Sports Premier League,http://epg.ovh/logo/Sky+Sports+Premier+League.png
Sky UHD Sports 1,Sky UHD Sports 1,http://epg.ovh/logo/Sky+UHD+Sports+1.png
Sky UHD Sports 2,Sky UHD Sports 2,http://epg.ovh/logo/Sky+UHD+Sports+2.png
Sky Sports Arena,Sky Sports Arena,http://epg.ovh/logo/Sky+Sports+Arena.png
Sky Sports Cricket,Sky Sports Cricket,http://epg.ovh/logo/Sky+Sports+Cricket.png
Sky Sports F1,Sky Sports F1,http://epg.ovh/logo/Sky+Sports+F1.png
Sky Sports Football,Sky Sports Football,http://epg.ovh/logo/Sky+Sports+Football.png
Sky Sports Golf,Sky Sports Golf,http://epg.ovh/logo/Sky+Sports+Golf.png
Sky Sports Main Event,Sky Sports Main Event,http://epg.ovh/logo/Sky+Sports+Main+Event.png
Sky Sports Mix,Sky Sports Mix,http://epg.ovh/logo/Sky+Sports+Mix.png
Sky Sports News,Sky Sports News,http://epg.ovh/logo/Sky+Sports+News.png
Sky Sports Action,Sky Sports Action,http://epg.ovh/logo/Sky+Sports+Action.png
Sky Sports Racing,Sky Sports Racing,http://epg.ovh/logo/Sky+Sports+Racing.png
Sky Sports Tennis,Sky Sports Tennis,http://epg.ovh/logo/Sky+Sports+Tennis.png
VSport 1 HD,VSport 1 HD,http://epg.ovh/logo/VSport+1+HD.png
VSport Vinter HD,VSport Vinter HD,http://epg.ovh/logo/VSport+Vinter+HD.png
VSport Extra HD,VSport Extra HD,http://epg.ovh/logo/VSport+Extra+HD.png
TNT Sports 1,TNT Sports 1,http://epg.ovh/logo/TNT+Sports+1.png
TNT Sports 2,TNT Sports 2,http://epg.ovh/logo/TNT+Sports+2.png
TNT Sports 3,TNT Sports 3,http://epg.ovh/logo/TNT+Sports+3.png
TNT Sports 4,TNT Sports 4,http://epg.ovh/logo/TNT+Sports+4.png
TNT Sports 5,TNT Sports 5,http://epg.ovh/logo/TNT+Sports+5.png
TNT Sports Ultimate,TNT Sports Ultimate,http://epg.ovh/logo/TNT+Sports+Ultimate.png
Eurosport 1 UK,Eurosport 1 UK,http://epg.ovh/logo/Eurosport+1+UK.png
Eurosport 2 UK,Eurosport 2 UK,http://epg.ovh/logo/Eurosport+2+UK.png
FighTime,FighTime,http://epg.ovh/logo/FighTime.png
Dazn Event 1,Dazn Event 1,http://epg.ovh/logo/Dazn+Event+1.png
Dazn Event 2,Dazn Event 2,http://epg.ovh/logo/Dazn+Event+2.png
Dazn Event 3,Dazn Event 3,http://epg.ovh/logo/Dazn+Event+3.png
Dazn Event 4,Dazn Event 4,http://epg.ovh/logo/Dazn+Event+4.png
Dazn Event 5,Dazn Event 5,http://epg.ovh/logo/Dazn+Event+5.png
Dazn Event 6,Dazn Event 6,http://epg.ovh/logo/Dazn+Event+6.png
Dazn Event 7,Dazn Event 7,http://epg.ovh/logo/Dazn+Event+7.png
Dazn Event 8,Dazn Event 8,http://epg.ovh/logo/Dazn+Event+8.png
Dazn Event 9,Dazn Event 9,http://epg.ovh/logo/Dazn+Event+9.png
Dazn Event 10,Dazn Event 10,http://epg.ovh/logo/Dazn+Event+10.png
Dazn Event 11,Dazn Event 11,http://epg.ovh/logo/Dazn+Event+11.png
Dazn Event 12,Dazn Event 12,http://epg.ovh/logo/Dazn+Event+12.png
Dazn Event 13,Dazn Event 13,http://epg.ovh/logo/Dazn+Event+13.png
Dazn Event 14,Dazn Event 14,http://epg.ovh/logo/Dazn+Event+14.png
Dazn Event 15,Dazn Event 15,http://epg.ovh/logo/Dazn+Event+15.png
Dazn Event,Dazn Event,http://epg.ovh/logo/Dazn+Event.png
LaLiga TV,LaLiga TV,http://epg.ovh/logo/LaLiga+TV.png
Sport TV +,Sport TV +,http://epg.ovh/logo/Sport+TV+%2b.png
Sport TV 1,Sport TV 1,http://epg.ovh/logo/Sport+TV+1.png
Sport TV 2,Sport TV 2,http://epg.ovh/logo/Sport+TV+2.png
Sport TV 3,Sport TV 3,http://epg.ovh/logo/Sport+TV+3.png
Sport TV 4,Sport TV 4,http://epg.ovh/logo/Sport+TV+4.png
Sport TV 5,Sport TV 5,http://epg.ovh/logo/Sport+TV+5.png
Sport TV 6,Sport TV 6,http://epg.ovh/logo/Sport+TV+6.png
NBA,NBA,http://epg.ovh/logo/NBA.png
Sky Sports 1 UHD,Sky Sports 1 UHD,
Sky Sports 2 UHD,Sky Sports 2 UHD,
Sky Sports Main Event UHD,Sky Sports Main Event UHD,http://epg.ovh/logo/Sky+Sports+Main+Event+UHD.png
Sky Sports F1 UHD,Sky Sports F1 UHD,
Sky Sports +,Sky Sports +,http://epg.ovh/logo/Sky+Sports+%2b.png
Viaplay NO,Viaplay NO,http://epg.ovh/logo/Viaplay+NO.png
Viaplay SE,Viaplay SE,http://epg.ovh/logo/Viaplay+SE.png
UFC Fight Pass,UFC Fight Pass,http://epg.ovh/logo/UFC+Fight+Pass.png
Astro Sports UHD,Astro Sports UHD,http://epg.ovh/logo/Astro+Sports+UHD.png
PMC HD,PMC HD,http://epg.ovh/logo/PMC+HD.png
Vevo 80s,Vevo 80s,http://epg.ovh/logo/Vevo+80s.png
Vevo 90s,Vevo 90s,http://epg.ovh/logo/Vevo+90s.png
Vevo Country,Vevo Country,http://epg.ovh/logo/Vevo+Country.png
Vevo Hip-Hop,Vevo Hip-Hop,http://epg.ovh/logo/Vevo+Hip-Hop.png
Vevo Pop,Vevo Pop,http://epg.ovh/logo/Vevo+Pop.png
Vevo Features,Vevo Features,http://epg.ovh/logo/Vevo+Features.png
VOD 205,VOD 205,http://epg.ovh/logo/VOD+205.png
VOD 206,VOD 206,http://epg.ovh/logo/VOD+206.png
VOD 207,VOD 207,http://epg.ovh/logo/VOD+207.png
VOD 208,VOD 208,http://epg.ovh/logo/VOD+208.png
polsat fast Swiat wedlug Kiepskich,polsat fast Swiat wedlug Kiepskich,http://epg.ovh/logo/polsat+fast+Swiat+wedlug+Kiepskich.png
polsat fast Sprawiedliw-Wydział Kryminalny,polsat fast Sprawiedliw-Wydział Kryminalny,http://epg.ovh/logo/polsat+fast+Sprawiedliw-Wydzia%c5%82+Kryminalny.png
polsat fast Policjantki i Policjanci,polsat fast Policjantki i Policjanci,http://epg.ovh/logo/polsat+fast+Policjantki+i+Policjanci.png
polsat fast Gliniarze,polsat fast Gliniarze,http://epg.ovh/logo/polsat+fast+Gliniarze.png
polsat fast Wladcy moch,polsat fast Wladcy moch,http://epg.ovh/logo/polsat+fast+Wladcy+moch.png
polsat fast Chlopaki do wziecia,polsat fast Chlopaki do wziecia,http://epg.ovh/logo/polsat+fast+Chlopaki+do+wziecia.png
polsat fast Nasz nowy dom,polsat fast Nasz nowy dom,http://epg.ovh/logo/polsat+fast+Nasz+nowy+dom.png
polsat fast Ewa gotuje,polsat fast Ewa gotuje,http://epg.ovh/logo/polsat+fast+Ewa+gotuje.png
polsat fast Daleko od noszy,polsat fast Daleko od noszy,http://epg.ovh/logo/polsat+fast+Daleko+od+noszy.png
polsat fast Trudne sprawy,polsat fast Trudne sprawy,http://epg.ovh/logo/polsat+fast+Trudne+sprawy.png
polsat fast Dlaczego ja,polsat fast Dlaczego ja,http://epg.ovh/logo/polsat+fast+Dlaczego+ja.png
polsat fast Pamietki z wakacji,polsat fast Pamietki z wakacji,http://epg.ovh/logo/polsat+fast+Pamietki+z+wakacji.png
polsat fast Bajki,polsat fast Bajki,http://epg.ovh/logo/polsat+fast+Bajki.png
polsat fast Komedie,polsat fast Komedie,http://epg.ovh/logo/polsat+fast+Komedie.png
polsat fast Kabarety,polsat fast Kabarety,http://epg.ovh/logo/polsat+fast+Kabarety.png
polsat fast Zbrodnie,polsat fast Zbrodnie,http://epg.ovh/logo/polsat+fast+Zbrodnie.png
polsat fast Wielka Rozrywka,polsat fast Wielka Rozrywka,http://epg.ovh/logo/polsat+fast+Wielka+Rozrywka.png
polsat fast Wielkie festiwale,polsat fast Wielkie festiwale,http://epg.ovh/logo/polsat+fast+Wielkie+festiwale.png
polsat fast Zyciowe historie,polsat fast Zyciowe historie,http://epg.ovh/logo/polsat+fast+Zyciowe+historie.png
RETRO,RETRO,http://epg.ovh/logo/RETRO.png
LEO TV,LEO TV,http://epg.ovh/logo/LEO+TV.png
Leo TV Gold,Leo TV Gold,http://epg.ovh/logo/Leo+TV+Gold.png
Eurosport 4K CZ,Eurosport 4K CZ,http://epg.ovh/logo/Eurosport+4K+CZ.png
TVN 24+ live 1,TVN 24+ live 1,http://epg.ovh/logo/TVN+24%2b+live+1.png
TVN 24+ live 2,TVN 24+ live 2,http://epg.ovh/logo/TVN+24%2b+live+2.png
TVN 24+ live 3,TVN 24+ live 3,http://epg.ovh/logo/TVN+24%2b+live+3.png
TVN 24+ live 4,TVN 24+ live 4,http://epg.ovh/logo/TVN+24%2b+live+4.png
WebCamera,WebCamera,http://epg.ovh/logo/WebCamera.png
MCM Top,MCM Top,http://epg.ovh/logo/MCM+Top.png
NRJ Hits,NRJ Hits,http://epg.ovh/logo/NRJ+Hits.png
M6 Music,M6 Music,http://epg.ovh/logo/M6+Music.png
RMC Sport 1,RMC Sport 1,http://epg.ovh/logo/RMC+Sport+1.png
RMC Sport 2,RMC Sport 2,http://epg.ovh/logo/RMC+Sport+2.png
RMC Sport 3,RMC Sport 3,http://epg.ovh/logo/RMC+Sport+3.png
RMC Sport 4,RMC Sport 4,http://epg.ovh/logo/RMC+Sport+4.png
Panaroma Kina,Panaroma Kina,http://epg.ovh/logo/Panaroma+Kina.png
Strefa Thillera,Strefa Thillera,http://epg.ovh/logo/Strefa+Thillera.png
TV Boleslawiec,TV Boleslawiec,http://epg.ovh/logo/TV+Boleslawiec.png
Strefa Komedii,Strefa Komedii,http://epg.ovh/logo/Strefa+Komedii.png
TVP Sport Extra,TVP Sport Extra,http://epg.ovh/logo/TVP+Sport+Extra.png
Eurosport Extra,Eurosport Extra,http://epg.ovh/logo/Eurosport+Extra.png
Eurosport Extra 1,Eurosport Extra 1,http://epg.ovh/logo/Eurosport+Extra+1.png
Eurosport Extra 2,Eurosport Extra 2,http://epg.ovh/logo/Eurosport+Extra+2.png
Eurosport Extra 3,Eurosport Extra 3,http://epg.ovh/logo/Eurosport+Extra+3.png
Eurosport Extra 4,Eurosport Extra 4,http://epg.ovh/logo/Eurosport+Extra+4.png
Eurosport Extra 5,Eurosport Extra 5,http://epg.ovh/logo/Eurosport+Extra+5.png
Eurosport Extra 6,Eurosport Extra 6,http://epg.ovh/logo/Eurosport+Extra+6.png
Eurosport Extra 7,Eurosport Extra 7,http://epg.ovh/logo/Eurosport+Extra+7.png
Eurosport Extra 8,Eurosport Extra 8,http://epg.ovh/logo/Eurosport+Extra+8.png
Eurosport Extra 9,Eurosport Extra 9,http://epg.ovh/logo/Eurosport+Extra+9.png
Eurosport Extra 10,Eurosport Extra 10,http://epg.ovh/logo/Eurosport+Extra+10.png
Eurosport Extra 11,Eurosport Extra 11,http://epg.ovh/logo/Eurosport+Extra+11.png
Eurosport Extra 12,Eurosport Extra 12,http://epg.ovh/logo/Eurosport+Extra+12.png
Eurosport Extra 13,Eurosport Extra 13,http://epg.ovh/logo/Eurosport+Extra+13.png
Eurosport Extra 14,Eurosport Extra 14,http://epg.ovh/logo/Eurosport+Extra+14.png
Eurosport Extra 15,Eurosport Extra 15,http://epg.ovh/logo/Eurosport+Extra+15.png
Eurosport Extra 16,Eurosport Extra 16,http://epg.ovh/logo/Eurosport+Extra+16.png
Eurosport Extra 17,Eurosport Extra 17,http://epg.ovh/logo/Eurosport+Extra+17.png
Eurosport Extra 18,Eurosport Extra 18,http://epg.ovh/logo/Eurosport+Extra+18.png
Eurosport Extra 19,Eurosport Extra 19,http://epg.ovh/logo/Eurosport+Extra+19.png
Eurosport Extra 20,Eurosport Extra 20,http://epg.ovh/logo/Eurosport+Extra+20.png
Eurosport Extra 21,Eurosport Extra 21,http://epg.ovh/logo/Eurosport+Extra+21.png
Eurosport Extra 22,Eurosport Extra 22,http://epg.ovh/logo/Eurosport+Extra+22.png
Eurosport Extra 23,Eurosport Extra 23,http://epg.ovh/logo/Eurosport+Extra+23.png
Eurosport Extra 24,Eurosport Extra 24,http://epg.ovh/logo/Eurosport+Extra+24.png
Eurosport Extra 25,Eurosport Extra 25,http://epg.ovh/logo/Eurosport+Extra+25.png
Quadro 4K,Quadro 4K,http://epg.ovh/logo/Quadro+4K.png
Lubuska TV Horyzont,Lubuska TV Horyzont,http://epg.ovh/logo/Lubuska+TV+Horyzont.png
Top Serials,Top Serials,http://epg.ovh/logo/Top+Serials.png
Dolce Vita TV,Dolce Vita TV,http://epg.ovh/logo/Dolce+Vita+TV.png
Emocje TV,Emocje TV,http://epg.ovh/logo/Emocje+TV.png
NBC Sports NOW,NBC Sports NOW,http://epg.ovh/logo/NBC+Sports+NOW.png
Nova Sport 1,Nova Sport 1,http://epg.ovh/logo/Nova+Sport+1.png
Nova Sport 2,Nova Sport 2,http://epg.ovh/logo/Nova+Sport+2.png
Nova Sport 3,Nova Sport 3,http://epg.ovh/logo/Nova+Sport+3.png
Nova Sport 4,Nova Sport 4,http://epg.ovh/logo/Nova+Sport+4.png
Nova Sport 5,Nova Sport 5,http://epg.ovh/logo/Nova+Sport+5.png
Nova Sport 6,Nova Sport 6,http://epg.ovh/logo/Nova+Sport+6.png
Joj Sport,Joj Sport,http://epg.ovh/logo/Joj+Sport.png
Joj Sport 2,Joj Sport 2,http://epg.ovh/logo/Joj+Sport+2.png
CT 1,CT 1,http://epg.ovh/logo/CT+1.png
CT 2,CT 2,http://epg.ovh/logo/CT+2.png
CT Sport,CT Sport,http://epg.ovh/logo/CT+Sport.png
RTVS Sport,RTVS Sport,http://epg.ovh/logo/RTVS+Sport.png
Sport 1,Sport 1,http://epg.ovh/logo/Sport+1.png
Sport 2,Sport 2,http://epg.ovh/logo/Sport+2.png
Jednotka,Jednotka,http://epg.ovh/logo/Jednotka.png
Dvojka,Dvojka,http://epg.ovh/logo/Dvojka.png
Golf,Golf,http://epg.ovh/logo/Golf.png
Music Box Hits,Music Box Hits,http://epg.ovh/logo/Music+Box+Hits.png
Music Box Dance,Music Box Dance,http://epg.ovh/logo/Music+Box+Dance.png
Music Box Sexy,Music Box Sexy,http://epg.ovh/logo/Music+Box+Sexy.png
Music Box 00s,Music Box 00s,http://epg.ovh/logo/Music+Box+00s.png
Music Box 90s,Music Box 90s,http://epg.ovh/logo/Music+Box+90s.png
Music Box 80s,Music Box 80s,http://epg.ovh/logo/Music+Box+80s.png
Stargaze TV,Stargaze TV,http://epg.ovh/logo/Stargaze+TV.png
TVP Kryminaly,TVP Kryminaly,http://epg.ovh/logo/TVP+Kryminaly.png
TVP Klan,TVP Klan,http://epg.ovh/logo/TVP+Klan.png
TVP Barwy Szczescia,TVP Barwy Szczescia,http://epg.ovh/logo/TVP+Barwy+Szczescia.png
TVP NA DOBRE I NA ZLE,TVP NA DOBRE I NA ZLE,http://epg.ovh/logo/TVP+NA+DOBRE+I+NA+ZLE.png
PPV Event 1,PPV Event 1,http://epg.ovh/logo/PPV+Event+1.png
PPV Event 2,PPV Event 2,http://epg.ovh/logo/PPV+Event+2.png
PPV Event 3,PPV Event 3,http://epg.ovh/logo/PPV+Event+3.png
PPV Event 4,PPV Event 4,http://epg.ovh/logo/PPV+Event+4.png
PPV Event 5,PPV Event 5,http://epg.ovh/logo/PPV+Event+5.png
TVC Reality,TVC Reality,http://epg.ovh/logo/TVC+Reality.png
NOW 90s,NOW 90s,http://epg.ovh/logo/NOW+90s.png
NOW 80s,NOW 80s,http://epg.ovh/logo/NOW+80s.png
NOW 90s 00s,NOW 90s 00s,http://epg.ovh/logo/NOW+90s+00s.png
MTV Classic,MTV Classic,http://epg.ovh/logo/MTV+Classic.png
Filmax Cafe,Filmax Cafe,http://epg.ovh/logo/Filmax+Cafe.png
Comedy Channel Extra,Comedy Channel Extra,http://epg.ovh/logo/Comedy+Channel+Extra.png
Music 00s,Music 00s,http://epg.ovh/logo/Music+00s.png
Music 90s,Music 90s,http://epg.ovh/logo/Music+90s.png
Music 80s,Music 80s,http://epg.ovh/logo/Music+80s.png
Music Live,Music Live,http://epg.ovh/logo/Music+Live.png
Music Club,Music Club,http://epg.ovh/logo/Music+Club.png
Music Hits,Music Hits,http://epg.ovh/logo/Music+Hits.png
Pixel TV,Pixel TV,http://epg.ovh/logo/Pixel+TV.png
Super Express TV,Super Express TV,http://epg.ovh/logo/Super+Express+TV.png
Murator TV,Murator TV,http://epg.ovh/logo/Murator+TV.png
Poradnik Zdrowie TV,Poradnik Zdrowie TV,http://epg.ovh/logo/Poradnik+Zdrowie+TV.png
Eska FAST,Eska FAST,http://epg.ovh/logo/Eska+FAST.png
ESKA Rock FAST,ESKA Rock FAST,http://epg.ovh/logo/ESKA+Rock+FAST.png
Vox FAST,Vox FAST,http://epg.ovh/logo/Vox+FAST.png
SayHi,SayHi,http://epg.ovh/logo/SayHi.png
HiMusic,HiMusic,http://epg.ovh/logo/HiMusic.png
HiDance,HiDance,http://epg.ovh/logo/HiDance.png
Premier Sports Rugby,Premier Sports Rugby,http://epg.ovh/logo/Premier+Sports+Rugby.png
Astro Sports UHD,Astro Sports UHD,http://epg.ovh/logo/Astro+Sports+UHD.png
Vevo Features,Vevo Features,http://epg.ovh/logo/Vevo+Features.png
Eleven Sports Online 1,Eleven Sports Online 1,http://epg.ovh/logo/Eleven+Sports+Online+1.png
Eleven Sports Online 2,Eleven Sports Online 2,http://epg.ovh/logo/Eleven+Sports+Online+2.png
Eleven Sports Online 3,Eleven Sports Online 3,http://epg.ovh/logo/Eleven+Sports+Online+3.png
Eleven Sports Online 4,Eleven Sports Online 4,http://epg.ovh/logo/Eleven+Sports+Online+4.png
Eleven Sports Online 5,Eleven Sports Online 5,http://epg.ovh/logo/Eleven+Sports+Online+5.png
Eleven Sports Online 6,Eleven Sports Online 6,http://epg.ovh/logo/Eleven+Sports+Online+6.png
Eleven Sports Online 7,Eleven Sports Online 7,http://epg.ovh/logo/Eleven+Sports+Online+7.png
Eleven Sports Online 8,Eleven Sports Online 8,http://epg.ovh/logo/Eleven+Sports+Online+8.png
Eleven Sports Online 9,Eleven Sports Online 9,http://epg.ovh/logo/Eleven+Sports+Online+9.png
Eleven Sports Online 10,Eleven Sports Online 10,http://epg.ovh/logo/Eleven+Sports+Online+10.png
Eleven Sports Online 11,Eleven Sports Online 11,http://epg.ovh/logo/Eleven+Sports+Online+11.png
Eleven Sports Online 12,Eleven Sports Online 12,http://epg.ovh/logo/Eleven+Sports+Online+12.png
Eleven Sports Online 13,Eleven Sports Online 13,http://epg.ovh/logo/Eleven+Sports+Online+13.png
Eleven Sports Online 14,Eleven Sports Online 14,http://epg.ovh/logo/Eleven+Sports+Online+14.png
Eleven Sports Online 15,Eleven Sports Online 15,http://epg.ovh/logo/Eleven+Sports+Online+15.png
Eleven Sports Online 16,Eleven Sports Online 16,http://epg.ovh/logo/Eleven+Sports+Online+16.png
Eleven Sports Online 17,Eleven Sports Online 17,http://epg.ovh/logo/Eleven+Sports+Online+17.png
Eleven Sports Online 18,Eleven Sports Online 18,http://epg.ovh/logo/Eleven+Sports+Online+18.png
Eleven Sports Online 19,Eleven Sports Online 19,http://epg.ovh/logo/Eleven+Sports+Online+19.png
Eleven Sports Online 20,Eleven Sports Online 20,http://epg.ovh/logo/Eleven+Sports+Online+20.png
Eleven Sports Online 21,Eleven Sports Online 21,http://epg.ovh/logo/Eleven+Sports+Online+21.png
Eurosport 4K CZ,Eurosport 4K CZ,http://epg.ovh/logo/Eurosport+4K+CZ.png
Quadro 4K,Quadro 4K,http://epg.ovh/logo/Quadro+4K.png
1+1 International,1+1 International,http://epg.ovh/logo/1%2b1+International.png
Emocje TV,Emocje TV,http://epg.ovh/logo/Emocje+TV.png
