# Fuente: https://raw.githubusercontent.com/davidmuma/EPG_dobleM/master/guiatv.xml
La 1 HD,La 1,https://raw.githubusercontent.com/davidmuma/picons_dobleM/master/icon/La%201.png
La 2,La 2,https://raw.githubusercontent.com/davidmuma/picons_dobleM/master/icon/La%202.png
Antena 3 HD,Antena 3,https://raw.githubusercontent.com/davidmuma/picons_dobleM/master/icon/Antena%203.png
Cuatro HD,Cuatro,https://raw.githubusercontent.com/davidmuma/picons_dobleM/master/icon/Cuatro.png
Telecinco HD,Telecinco,https://raw.githubusercontent.com/davidmuma/picons_dobleM/master/icon/Telecinco.png
La Sexta HD,La Sexta,https://raw.githubusercontent.com/davidmuma/picons_dobleM/master/icon/La%20Sexta.png
M+ Estrenos HD,M+ Estrenos,https://raw.githubusercontent.com/davidmuma/picons_dobleM/master/icon/M%2B%20Estrenos.png
M+ Hits HD,M+ Hits,https://raw.githubusercontent.com/davidmuma/picons_dobleM/master/icon/M%2B%20Hits.png
M+ Originales HD,M+ Originales,https://raw.githubusercontent.com/davidmuma/picons_dobleM/master/icon/M%2B%20Originales.png
M+ Tierra Media,M+ Tierra Media,https://raw.githubusercontent.com/davidmuma/picons_dobleM/master/icon/M%2B%20Tierra%20Media.png
M+ Documentales HD,M+ Documentales,https://raw.githubusercontent.com/davidmuma/picons_dobleM/master/icon/M%2B%20Documentales.png
M+ Cine bélico,M+ Cine bélico,https://raw.githubusercontent.com/davidmuma/picons_dobleM/master/icon/M%2B%20Cine%20b%C3%A9lico.png
M+ Clásicos HD,M+ Clásicos,https://raw.githubusercontent.com/davidmuma/picons_dobleM/master/icon/M%2B%20Cl%C3%A1sicos.png
M+ Acción HD,M+ Acción,https://raw.githubusercontent.com/davidmuma/picons_dobleM/master/icon/M%2B%20Acci%C3%B3n.png
M+ Comedia HD,M+ Comedia,https://raw.githubusercontent.com/davidmuma/picons_dobleM/master/icon/M%2B%20Comedia.png
M+ Drama HD,M+ Drama,https://raw.githubusercontent.com/davidmuma/picons_dobleM/master/icon/M%2B%20Drama.png
M+ Indie HD,M+ Indie,https://raw.githubusercontent.com/davidmuma/picons_dobleM/master/icon/M%2B%20Indie.png
M+ Cine Español,M+ Cine Español,https://raw.githubusercontent.com/davidmuma/picons_dobleM/master/icon/M%2B%20Cine%20Espa%C3%B1ol.png
M+ PopUp,M+ PopUp,https://raw.githubusercontent.com/davidmuma/picons_dobleM/master/icon/M%2B%20PopUp.png
M+ PopUp 2,M+ PopUp 2,https://raw.githubusercontent.com/davidmuma/picons_dobleM/master/icon/M%2B%20PopUp%202.png
Canal FlixOlé 1,Canal FlixOlé 1,https://raw.githubusercontent.com/davidmuma/picons_dobleM/master/icon/Canal%20FlixOl%C3%A9%201.png
Canal FlixOlé 2,Canal FlixOlé 2,https://raw.githubusercontent.com/davidmuma/picons_dobleM/master/icon/Canal%20FlixOl%C3%A9%202.png
TCM HD,TCM,https://raw.githubusercontent.com/davidmuma/picons_dobleM/master/icon/TCM.png
BBC Series,BBC Series,https://raw.githubusercontent.com/davidmuma/picons_dobleM/master/icon/BBC%20Series.png
BBC Earth,BBC Earth,https://raw.githubusercontent.com/davidmuma/picons_dobleM/master/icon/BBC%20Earth.png
BBC Top Gear,BBC Top Gear,https://raw.githubusercontent.com/davidmuma/picons_dobleM/master/icon/BBC%20Top%20Gear.png
BBC Lifestyle,BBC Lifestyle,https://raw.githubusercontent.com/davidmuma/picons_dobleM/master/icon/BBC%20Lifestyle.png
Be Mad,Be Mad,https://raw.githubusercontent.com/davidmuma/picons_dobleM/master/icon/Be%20Mad.png
STAR Channel HD,STAR Channel,https://raw.githubusercontent.com/davidmuma/picons_dobleM/master/icon/STAR%20Channel.png
AXN HD,AXN,https://raw.githubusercontent.com/davidmuma/picons_dobleM/master/icon/AXN.png
Warner TV HD,Warner TV,https://raw.githubusercontent.com/davidmuma/picons_dobleM/master/icon/Warner%20TV.png
Comedy Central HD,Comedy Central,https://raw.githubusercontent.com/davidmuma/picons_dobleM/master/icon/Comedy%20Central.png
Calle 13 HD,Calle 13,https://raw.githubusercontent.com/davidmuma/picons_dobleM/master/icon/Calle%2013.png
Cosmo HD,Cosmo,https://raw.githubusercontent.com/davidmuma/picons_dobleM/master/icon/Cosmo.png
SyFy HD,SyFy,https://raw.githubusercontent.com/davidmuma/picons_dobleM/master/icon/SyFy.png
Energy,Energy,https://raw.githubusercontent.com/davidmuma/picons_dobleM/master/icon/Energy.png
Factoría de Ficción,Factoría de Ficción,https://raw.githubusercontent.com/davidmuma/picons_dobleM/master/icon/Factor%C3%ADa%20de%20Ficci%C3%B3n.png
Neox,Neox,https://raw.githubusercontent.com/davidmuma/picons_dobleM/master/icon/Neox.png
Caza y Pesca HD,Caza y Pesca,https://raw.githubusercontent.com/davidmuma/picons_dobleM/master/icon/Caza%20y%20Pesca.png
Iberalia TV,Iberalia TV,https://raw.githubusercontent.com/davidmuma/picons_dobleM/master/icon/Iberalia%20TV.png
National Geographic HD,National Geographic,https://raw.githubusercontent.com/davidmuma/picons_dobleM/master/icon/National%20Geographic.png
Nat Geo Wild HD,Nat Geo Wild,https://raw.githubusercontent.com/davidmuma/picons_dobleM/master/icon/Nat%20Geo%20Wild.png
BBC History,BBC History,https://raw.githubusercontent.com/davidmuma/picons_dobleM/master/icon/BBC%20History.png
Discovery,Discovery,https://raw.githubusercontent.com/davidmuma/picons_dobleM/master/icon/Discovery.png
BBC Food,BBC Food,https://raw.githubusercontent.com/davidmuma/picons_dobleM/master/icon/BBC%20Food.png
Divinity,Divinity,https://raw.githubusercontent.com/davidmuma/picons_dobleM/master/icon/Divinity.png
Nova,Nova,https://raw.githubusercontent.com/davidmuma/picons_dobleM/master/icon/Nova.png
Baby TV,Baby TV,https://raw.githubusercontent.com/davidmuma/picons_dobleM/master/icon/Baby%20TV.png
Disney Junior,Disney Junior,https://raw.githubusercontent.com/davidmuma/picons_dobleM/master/icon/Disney%20Junior.png
Nick JR,Nick JR,https://raw.githubusercontent.com/davidmuma/picons_dobleM/master/icon/Nick%20JR.png
Nickelodeon HD,Nickelodeon,https://raw.githubusercontent.com/davidmuma/picons_dobleM/master/icon/Nickelodeon.png
Dreamworks HD,Dreamworks,https://raw.githubusercontent.com/davidmuma/picons_dobleM/master/icon/Dreamworks.png
Boing,Boing,https://raw.githubusercontent.com/davidmuma/picons_dobleM/master/icon/Boing.png
Clan,Clan,https://raw.githubusercontent.com/davidmuma/picons_dobleM/master/icon/Clan.png
MTV España,MTV España,https://raw.githubusercontent.com/davidmuma/picons_dobleM/master/icon/MTV%20Espa%C3%B1a.png
Mezzo,Mezzo,https://raw.githubusercontent.com/davidmuma/picons_dobleM/master/icon/Mezzo.png
Mezzo Live HD,Mezzo Live,https://raw.githubusercontent.com/davidmuma/picons_dobleM/master/icon/Mezzo%20Live.png
Classica HD,Classica,https://raw.githubusercontent.com/davidmuma/picons_dobleM/master/icon/Classica.png
24 Horas,24 Horas,https://raw.githubusercontent.com/davidmuma/picons_dobleM/master/icon/24%20Horas.png
BBC World News Europe HD,BBC World News Europe,https://raw.githubusercontent.com/davidmuma/picons_dobleM/master/icon/BBC%20World%20News%20Europe.png
CNN International Europe,CNN International Europe,https://raw.githubusercontent.com/davidmuma/picons_dobleM/master/icon/CNN%20International%20Europe.png
Al Jazeera English HD,Al Jazeera English,https://raw.githubusercontent.com/davidmuma/picons_dobleM/master/icon/Al%20Jazeera%20English.png
France 24 (en Francais),France 24 (en Francais),https://raw.githubusercontent.com/davidmuma/picons_dobleM/master/icon/France%2024%20(en%20Francais).png
CNBC Europe HD,CNBC Europe,https://raw.githubusercontent.com/davidmuma/picons_dobleM/master/icon/CNBC%20Europe.png
TV5 Monde Europe HD,TV5 Monde Europe,https://raw.githubusercontent.com/davidmuma/picons_dobleM/master/icon/TV5%20Monde%20Europe.png
Bloomberg TV Europe,Bloomberg TV Europe,https://raw.githubusercontent.com/davidmuma/picons_dobleM/master/icon/Bloomberg%20TV%20Europe.png
Cubavisión Internacional HD,Cubavisión Internacional,https://raw.githubusercontent.com/davidmuma/picons_dobleM/master/icon/Cubavisi%C3%B3n%20Internacional.png
Telesur HD,Telesur,https://raw.githubusercontent.com/davidmuma/picons_dobleM/master/icon/Telesur.png
Canal Sur Andalucía,Canal Sur Andalucía,https://raw.githubusercontent.com/davidmuma/picons_dobleM/master/icon/Canal%20Sur%20Andaluc%C3%ADa.png
TVG Europa HD,TVG Europa,https://raw.githubusercontent.com/davidmuma/picons_dobleM/master/icon/TVG%20Europa.png
Canal Extremadura SAT,Canal Extremadura SAT,https://raw.githubusercontent.com/davidmuma/picons_dobleM/master/icon/Canal%20Extremadura%20SAT.png
Aragón TV Internacional,Aragón TV Internacional,https://raw.githubusercontent.com/davidmuma/picons_dobleM/master/icon/Arag%C3%B3n%20TV%20Internacional.png
Alquiler HD,Alquiler,https://raw.githubusercontent.com/davidmuma/picons_dobleM/master/icon/Alquiler.png
Alquiler 1,Alquiler 1,https://raw.githubusercontent.com/davidmuma/picons_dobleM/master/icon/Alquiler%201.png
À Punt,À Punt,https://raw.githubusercontent.com/davidmuma/picons_dobleM/master/icon/%C3%80%20Punt.png
Aragón TV,Aragón TV,https://raw.githubusercontent.com/davidmuma/picons_dobleM/master/icon/Arag%C3%B3n%20TV.png
Navarra TV,Navarra TV,https://raw.githubusercontent.com/davidmuma/picons_dobleM/master/icon/Navarra%20TV.png
Navarra TV 2,Navarra TV 2,https://www.navarratelevision.es/entorno/Cabeceras/CabeceraNATV.png?20250129a
TPA Asturias,TPA Asturias,https://raw.githubusercontent.com/davidmuma/picons_dobleM/master/icon/TPA%20Asturias.png
CMM TV,CMM TV,https://raw.githubusercontent.com/davidmuma/picons_dobleM/master/icon/CMM%20TV.png
La 7 CyL,La 7 CyL,https://raw.githubusercontent.com/davidmuma/picons_dobleM/master/icon/La%207%20CyL.png
ETB1,ETB1,https://raw.githubusercontent.com/davidmuma/picons_dobleM/master/icon/ETB1.png
ETB2,ETB2,https://raw.githubusercontent.com/davidmuma/picons_dobleM/master/icon/ETB2.png
TVG,TVG,https://raw.githubusercontent.com/davidmuma/picons_dobleM/master/icon/TVG.png
TVG2,TVG2,https://raw.githubusercontent.com/davidmuma/picons_dobleM/master/icon/TVG2.png
Canal Extremadura,Canal Extremadura,https://raw.githubusercontent.com/davidmuma/picons_dobleM/master/icon/Canal%20Extremadura.png
Telemadrid,Telemadrid,https://raw.githubusercontent.com/davidmuma/picons_dobleM/master/icon/Telemadrid.png
La Otra,La Otra,https://raw.githubusercontent.com/davidmuma/picons_dobleM/master/icon/La%20Otra.png
TV3,TV3,https://raw.githubusercontent.com/davidmuma/picons_dobleM/master/icon/TV3.png
La 7 Murcia,La 7 Murcia,https://raw.githubusercontent.com/davidmuma/picons_dobleM/master/icon/La%207%20Murcia.png
Canal Sur HD,Canal Sur,https://raw.githubusercontent.com/davidmuma/picons_dobleM/master/icon/Canal%20Sur.png
Andalucía TV,Andalucía TV,https://raw.githubusercontent.com/davidmuma/picons_dobleM/master/icon/Andaluc%C3%ADa%20TV.png
La Ocho Mediterráneo,La Ocho Mediterráneo,https://raw.githubusercontent.com/davidmuma/picons_dobleM/master/icon/La%20Ocho%20Mediterr%C3%A1neo.png
IB3 TV Illes Balears,IB3 TV Illes Balears,https://raw.githubusercontent.com/davidmuma/picons_dobleM/master/icon/IB3%20TV%20Illes%20Balears.png
TV Canaria,TV Canaria,https://raw.githubusercontent.com/davidmuma/picons_dobleM/master/icon/TV%20Canaria.png
HBO Max Avances,HBO Max Avances,https://raw.githubusercontent.com/davidmuma/picons_dobleM/master/icon/HBO%20Max%20Avances.png
SkyShowtime,SkyShowtime,https://raw.githubusercontent.com/davidmuma/picons_dobleM/master/icon/SkyShowtime.png
AXN Movies HD,AXN Movies,https://raw.githubusercontent.com/davidmuma/picons_dobleM/master/icon/AXN%20Movies.png
TRECE,TRECE,https://raw.githubusercontent.com/davidmuma/picons_dobleM/master/icon/TRECE.png
Atreseries,Atreseries,https://raw.githubusercontent.com/davidmuma/picons_dobleM/master/icon/Atreseries.png
Real Madrid TV,Real Madrid TV,https://raw.githubusercontent.com/davidmuma/picons_dobleM/master/icon/Real%20Madrid%20TV.png
Garage TV,Garage TV,https://raw.githubusercontent.com/davidmuma/picons_dobleM/master/icon/Garage%20TV.png
UBEAT,UBEAT,https://raw.githubusercontent.com/davidmuma/picons_dobleM/master/icon/UBEAT.png
DMAX,DMAX,https://raw.githubusercontent.com/davidmuma/picons_dobleM/master/icon/DMAX.png
DKISS,DKISS,https://raw.githubusercontent.com/davidmuma/picons_dobleM/master/icon/DKISS.png
Mega,Mega,https://raw.githubusercontent.com/davidmuma/picons_dobleM/master/icon/Mega.png
Ten,Ten,https://raw.githubusercontent.com/davidmuma/picons_dobleM/master/icon/Ten.png
ETB3,ETB3,https://raw.githubusercontent.com/davidmuma/picons_dobleM/master/icon/ETB3.png
EuroNews,EuroNews,https://raw.githubusercontent.com/davidmuma/picons_dobleM/master/icon/EuroNews.png
El Toro TV,El Toro TV,https://raw.githubusercontent.com/davidmuma/picons_dobleM/master/icon/El%20Toro%20TV.png
Negocios TV,Negocios TV,https://raw.githubusercontent.com/davidmuma/picons_dobleM/master/icon/Negocios%20TV.png
CGTN Español,CGTN Español,https://raw.githubusercontent.com/davidmuma/picons_dobleM/master/icon/CGTN%20Espa%C3%B1ol.png
CGTN Documentary,CGTN Documentary,https://raw.githubusercontent.com/davidmuma/picons_dobleM/master/icon/CGTN%20Documentary.png
UCL,UCL,https://raw.githubusercontent.com/davidmuma/picons_dobleM/master/icon/UCL.png
Canal de las Estrellas,Canal de las Estrellas,https://raw.githubusercontent.com/davidmuma/picons_dobleM/master/icon/Canal%20de%20las%20Estrellas.png
TV Chile,TV Chile,https://raw.githubusercontent.com/davidmuma/picons_dobleM/master/icon/TV%20Chile.png
Nuestra Tele Internacional,Nuestra Tele Internacional,https://raw.githubusercontent.com/davidmuma/picons_dobleM/master/icon/Nuestra%20Tele%20Internacional.png
EWTN,EWTN,https://raw.githubusercontent.com/davidmuma/picons_dobleM/master/icon/EWTN.png
EITB Basque,EITB Basque,https://raw.githubusercontent.com/davidmuma/picons_dobleM/master/icon/EITB%20Basque.png
Telemadrid Internacional,Telemadrid Internacional,https://raw.githubusercontent.com/davidmuma/picons_dobleM/master/icon/Telemadrid%20Internacional.png
SX3,SX3,https://raw.githubusercontent.com/davidmuma/picons_dobleM/master/icon/SX3.png
Esport 3,Esport 3,https://raw.githubusercontent.com/davidmuma/picons_dobleM/master/icon/Esport%203.png
3CatInfo,3CatInfo,https://raw.githubusercontent.com/davidmuma/picons_dobleM/master/icon/3CatInfo.png
Betevé,Betevé,https://raw.githubusercontent.com/davidmuma/picons_dobleM/master/icon/Betev%C3%A9.png
Movistar Plus+ HD,Movistar Plus+,https://raw.githubusercontent.com/davidmuma/picons_dobleM/master/icon/Movistar%20Plus%2B.png
Primera Federación,Primera Federación,https://raw.githubusercontent.com/davidmuma/picons_dobleM/master/icon/Primera%20Federaci%C3%B3n.png
M+ Vamos HD,M+ Vamos,https://raw.githubusercontent.com/davidmuma/picons_dobleM/master/icon/M%2B%20Vamos.png
M+ LaLiga HD,M+ LaLiga,https://raw.githubusercontent.com/davidmuma/picons_dobleM/master/icon/M%2B%20LaLiga.png
DAZN LaLiga HD,DAZN LaLiga,https://raw.githubusercontent.com/davidmuma/picons_dobleM/master/icon/DAZN%20LaLiga.png
LaLiga TV Hypermotion HD,LaLiga TV Hypermotion,https://raw.githubusercontent.com/davidmuma/picons_dobleM/master/icon/LaLiga%20TV%20Hypermotion.png
M+ LaLiga 2 HD,M+ LaLiga 2,https://raw.githubusercontent.com/davidmuma/picons_dobleM/master/icon/M%2B%20LaLiga%202.png
DAZN LaLiga 2 HD,DAZN LaLiga 2,https://raw.githubusercontent.com/davidmuma/picons_dobleM/master/icon/DAZN%20LaLiga%202.png
LaLiga TV Hypermotion 2,LaLiga TV Hypermotion 2,https://raw.githubusercontent.com/davidmuma/picons_dobleM/master/icon/LaLiga%20TV%20Hypermotion%202.png
M+ Liga de Campeones HD,M+ Liga de Campeones,https://raw.githubusercontent.com/davidmuma/picons_dobleM/master/icon/M%2B%20Liga%20de%20Campeones.png
M+ Liga de Campeones 2 HD,M+ Liga de Campeones 2,https://raw.githubusercontent.com/davidmuma/picons_dobleM/master/icon/M%2B%20Liga%20de%20Campeones%202.png
M+ Liga de Campeones 3 HD,M+ Liga de Campeones 3,https://raw.githubusercontent.com/davidmuma/picons_dobleM/master/icon/M%2B%20Liga%20de%20Campeones%203.png
M+ Deportes HD,M+ Deportes,https://raw.githubusercontent.com/davidmuma/picons_dobleM/master/icon/M%2B%20Deportes.png
M+ Deportes 2 HD,M+ Deportes 2,https://raw.githubusercontent.com/davidmuma/picons_dobleM/master/icon/M%2B%20Deportes%202.png
M+ Deportes 3,M+ Deportes 3,https://raw.githubusercontent.com/davidmuma/picons_dobleM/master/icon/M%2B%20Deportes%203.png
M+ Ellas Vamos HD,M+ Ellas Vamos,https://raw.githubusercontent.com/davidmuma/picons_dobleM/master/icon/M%2B%20Ellas%20Vamos.png
M+ Golf HD,M+ Golf,https://raw.githubusercontent.com/davidmuma/picons_dobleM/master/icon/M%2B%20Golf.png
M+ Golf 2 HD,M+ Golf 2,https://raw.githubusercontent.com/davidmuma/picons_dobleM/master/icon/M%2B%20Golf%202.png
DAZN F1 HD,DAZN F1,https://raw.githubusercontent.com/davidmuma/picons_dobleM/master/icon/DAZN%20F1.png
DAZN 1 HD,DAZN 1,https://raw.githubusercontent.com/davidmuma/picons_dobleM/master/icon/DAZN%201.png
DAZN 2 HD,DAZN 2,https://raw.githubusercontent.com/davidmuma/picons_dobleM/master/icon/DAZN%202.png
Eurosport 1 HD,Eurosport 1,https://raw.githubusercontent.com/davidmuma/picons_dobleM/master/icon/Eurosport%201.png
Eurosport 2,Eurosport 2,https://raw.githubusercontent.com/davidmuma/picons_dobleM/master/icon/Eurosport%202.png
GOL,GOL,https://raw.githubusercontent.com/davidmuma/picons_dobleM/master/icon/GOL.png
Teledeporte,Teledeporte,https://raw.githubusercontent.com/davidmuma/picons_dobleM/master/icon/Teledeporte.png
M+ Liga de Campeones 4,M+ Liga de Campeones 4,https://raw.githubusercontent.com/davidmuma/picons_dobleM/master/icon/M%2B%20Liga%20de%20Campeones%204.png
M+ Liga de Campeones 5,M+ Liga de Campeones 5,https://raw.githubusercontent.com/davidmuma/picons_dobleM/master/icon/M%2B%20Liga%20de%20Campeones%205.png
M+ Liga de Campeones 6,M+ Liga de Campeones 6,https://raw.githubusercontent.com/davidmuma/picons_dobleM/master/icon/M%2B%20Liga%20de%20Campeones%206.png
M+ Liga de Campeones 7,M+ Liga de Campeones 7,https://raw.githubusercontent.com/davidmuma/picons_dobleM/master/icon/M%2B%20Liga%20de%20Campeones%207.png
M+ Liga de Campeones 8,M+ Liga de Campeones 8,https://raw.githubusercontent.com/davidmuma/picons_dobleM/master/icon/M%2B%20Liga%20de%20Campeones%208.png
M+ Liga de Campeones 9,M+ Liga de Campeones 9,https://raw.githubusercontent.com/davidmuma/picons_dobleM/master/icon/M%2B%20Liga%20de%20Campeones%209.png
M+ Liga de Campeones 10,M+ Liga de Campeones 10,https://raw.githubusercontent.com/davidmuma/picons_dobleM/master/icon/M%2B%20Liga%20de%20Campeones%2010.png
M+ Liga de Campeones 11,M+ Liga de Campeones 11,https://raw.githubusercontent.com/davidmuma/picons_dobleM/master/icon/M%2B%20Liga%20de%20Campeones%2011.png
M+ Liga de Campeones 12,M+ Liga de Campeones 12,https://raw.githubusercontent.com/davidmuma/picons_dobleM/master/icon/M%2B%20Liga%20de%20Campeones%2012.png
M+ Liga de Campeones 13,M+ Liga de Campeones 13,https://raw.githubusercontent.com/davidmuma/picons_dobleM/master/icon/M%2B%20Liga%20de%20Campeones%2013.png
M+ Liga de Campeones 14,M+ Liga de Campeones 14,https://raw.githubusercontent.com/davidmuma/picons_dobleM/master/icon/M%2B%20Liga%20de%20Campeones%2014.png
M+ Liga de Campeones 15,M+ Liga de Campeones 15,https://raw.githubusercontent.com/davidmuma/picons_dobleM/master/icon/M%2B%20Liga%20de%20Campeones%2015.png
M+ Liga de Campeones 16,M+ Liga de Campeones 16,https://raw.githubusercontent.com/davidmuma/picons_dobleM/master/icon/M%2B%20Liga%20de%20Campeones%2016.png
M+ Liga de Campeones 17,M+ Liga de Campeones 17,https://raw.githubusercontent.com/davidmuma/picons_dobleM/master/icon/M%2B%20Liga%20de%20Campeones%2017.png
M+ Liga de Campeones 18,M+ Liga de Campeones 18,https://raw.githubusercontent.com/davidmuma/picons_dobleM/master/icon/M%2B%20Liga%20de%20Campeones%2018.png
M+ Liga de Campeones 19,M+ Liga de Campeones 19,https://raw.githubusercontent.com/davidmuma/picons_dobleM/master/icon/M%2B%20Liga%20de%20Campeones%2019.png
M+ LaLiga 3 HD,M+ LaLiga 3,https://raw.githubusercontent.com/davidmuma/picons_dobleM/master/icon/M%2B%20LaLiga%203.png
M+ LaLiga 4,M+ LaLiga 4,https://raw.githubusercontent.com/davidmuma/picons_dobleM/master/icon/M%2B%20LaLiga%204.png
M+ LaLiga 5,M+ LaLiga 5,https://raw.githubusercontent.com/davidmuma/picons_dobleM/master/icon/M%2B%20LaLiga%205.png
M+ LaLiga 6,M+ LaLiga 6,https://raw.githubusercontent.com/davidmuma/picons_dobleM/master/icon/M%2B%20LaLiga%206.png
DAZN LaLiga 3,DAZN LaLiga 3,https://raw.githubusercontent.com/davidmuma/picons_dobleM/master/icon/DAZN%20LaLiga%203.png
DAZN LaLiga 4,DAZN LaLiga 4,https://raw.githubusercontent.com/davidmuma/picons_dobleM/master/icon/DAZN%20LaLiga%204.png
DAZN LaLiga 5,DAZN LaLiga 5,https://raw.githubusercontent.com/davidmuma/picons_dobleM/master/icon/DAZN%20LaLiga%205.png
M+ Vamos 2,M+ Vamos 2,https://raw.githubusercontent.com/davidmuma/picons_dobleM/master/icon/M%2B%20Vamos%202.png
LaLiga TV Hypermotion 3,LaLiga TV Hypermotion 3,https://raw.githubusercontent.com/davidmuma/picons_dobleM/master/icon/LaLiga%20TV%20Hypermotion%203.png
M+ Deportes 4,M+ Deportes 4,https://raw.githubusercontent.com/davidmuma/picons_dobleM/master/icon/M%2B%20Deportes%204.png
M+ Deportes 5,M+ Deportes 5,https://raw.githubusercontent.com/davidmuma/picons_dobleM/master/icon/M%2B%20Deportes%205.png
M+ Deportes 6,M+ Deportes 6,https://raw.githubusercontent.com/davidmuma/picons_dobleM/master/icon/M%2B%20Deportes%206.png
M+ Deportes 7,M+ Deportes 7,https://raw.githubusercontent.com/davidmuma/picons_dobleM/master/icon/M%2B%20Deportes%207.png
M+ Deportes 8,M+ Deportes 8,https://raw.githubusercontent.com/davidmuma/picons_dobleM/master/icon/M%2B%20Deportes%208.png
DAZN 3 HD,DAZN 3,https://raw.githubusercontent.com/davidmuma/picons_dobleM/master/icon/DAZN%203.png
DAZN 4 HD,DAZN 4,https://raw.githubusercontent.com/davidmuma/picons_dobleM/master/icon/DAZN%204.png
M+ LaLiga HDR,M+ LaLiga HDR,https://raw.githubusercontent.com/davidmuma/picons_dobleM/master/icon/M%2B%20LaLiga%20HDR.png
M+ LaLiga 2 HDR,M+ LaLiga 2 HDR,https://raw.githubusercontent.com/davidmuma/picons_dobleM/master/icon/M%2B%20LaLiga%202%20HDR.png
M+ Liga de Campeones HDR,M+ Liga de Campeones HDR,https://raw.githubusercontent.com/davidmuma/picons_dobleM/master/icon/M%2B%20Liga%20de%20Campeones%20HDR.png
M+ Liga de Campeones 2 HDR,M+ Liga de Campeones 2 HDR,https://raw.githubusercontent.com/davidmuma/picons_dobleM/master/icon/M%2B%20Liga%20de%20Campeones%202%20HDR.png
Eurosport 4K,Eurosport 4K,https://raw.githubusercontent.com/davidmuma/picons_dobleM/master/icon/Eurosport%204K.png
M+ Wimbledon UHD,M+ Wimbledon,https://raw.githubusercontent.com/davidmuma/picons_dobleM/master/icon/M%2B%20Wimbledon.png
Vamos BAR,Vamos BAR,https://raw.githubusercontent.com/davidmuma/picons_dobleM/master/icon/Vamos%20BAR.png
Vamos BAR 2,Vamos BAR 2,https://raw.githubusercontent.com/davidmuma/picons_dobleM/master/icon/Vamos%20BAR%202.png
LaLiga TV BAR HD,LaLiga TV BAR,https://raw.githubusercontent.com/davidmuma/picons_dobleM/master/icon/LaLiga%20TV%20BAR.png
LaLiga TV BAR 2,LaLiga TV BAR 2,https://raw.githubusercontent.com/davidmuma/picons_dobleM/master/icon/LaLiga%20TV%20BAR%202.png
LaLiga TV BAR 3,LaLiga TV BAR 3,https://raw.githubusercontent.com/davidmuma/picons_dobleM/master/icon/LaLiga%20TV%20BAR%203.png
DAZN Baloncesto,DAZN Baloncesto,https://raw.githubusercontent.com/davidmuma/picons_dobleM/master/icon/DAZN%20Baloncesto.png
DAZN Baloncesto 2,DAZN Baloncesto 2,https://raw.githubusercontent.com/davidmuma/picons_dobleM/master/icon/DAZN%20Baloncesto%202.png
DAZN Baloncesto 3,DAZN Baloncesto 3,https://raw.githubusercontent.com/davidmuma/picons_dobleM/master/icon/DAZN%20Baloncesto%203.png
Sony One Shark Tank,Sony One Shark Tank,https://tvpnlogopeu.samsungcloud.tv/platform/image/sourcelogo/vc/00/02/34/ES300004C9_20241106T142325SQUARE.png
Sony One Series Thriller,Sony One Series Thriller,https://tvpnlogopeu.samsungcloud.tv/platform/image/sourcelogo/vc/00/02/34/ES300002Y6_20241106T142251SQUARE.png
Sony One Éxitos,Sony One Éxitos,https://tvpnlogopeu.samsungcloud.tv/platform/image/sourcelogo/vc/00/02/34/ES300003D4_20241022T051059SQUARE.png
Sony One The Blacklist,Sony One The Blacklist,https://tvpnlogopeu.samsungcloud.tv/platform/image/sourcelogo/vc/00/02/34/ES300005EL_20241022T115805SQUARE.png
Sony One Series Comedia,Sony One Series Comedia,https://tvpnlogopeu.samsungcloud.tv/platform/image/sourcelogo/vc/00/02/34/ES30000145_20241106T142322SQUARE.png
Sony One Hits Comedia,Sony One Hits Comedia,https://tvpnlogopeu.samsungcloud.tv/platform/image/sourcelogo/vc/00/02/34/ES300007KS_20251111T011949SQUARE.png
Sony One Hits Acción,Sony One Hits Acción,https://tvpnlogopeu.samsungcloud.tv/platform/image/sourcelogo/vc/00/02/34/ES300006QJ_20251111T011921SQUARE.png
Mr Bean Animated,Mr Bean Animated,https://tvpnlogopeu.samsungcloud.tv/platform/image/sourcelogo/vc/00/02/34/ES900001SH_20250923T011557SQUARE.png
Tennis+,Tennis+,https://provider-static.plex.tv/epg/cms/production/704e7af1-90a0-4ad4-94de-af2559c19fa6/1_Tennis_Plus_Logo__Dark_Mode__1500x1000px.png
FashionTV,FashionTV,https://provider-static.plex.tv/epg/cms/production/47127441-d5b6-42a3-b641-a7c076d20940/Fashion_PNG_w__transparent_background__All_white_Logo_for_Attribution__-_Yuri_Alexandrov.png
Liga de Campeones BAR 2,Liga de Campeones BAR 2,https://raw.githubusercontent.com/davidmuma/picons_dobleM/master/icon/Liga%20de%20Campeones%20BAR%202.png
Liga de Campeones BAR 3,Liga de Campeones BAR 3,https://raw.githubusercontent.com/davidmuma/picons_dobleM/master/icon/Liga%20de%20Campeones%20BAR%203.png
Liga de Campeones BAR 4,Liga de Campeones BAR 4,https://raw.githubusercontent.com/davidmuma/picons_dobleM/master/icon/Liga%20de%20Campeones%20BAR%204.png
Liga de Campeones BAR 5,Liga de Campeones BAR 5,https://raw.githubusercontent.com/davidmuma/picons_dobleM/master/icon/Liga%20de%20Campeones%20BAR%205.png
Liga de Campeones BAR 6,Liga de Campeones BAR 6,https://raw.githubusercontent.com/davidmuma/picons_dobleM/master/icon/Liga%20de%20Campeones%20BAR%206.png
Liga de Campeones BAR 8,Liga de Campeones BAR 8,https://raw.githubusercontent.com/davidmuma/picons_dobleM/master/icon/Liga%20de%20Campeones%20BAR%208.png
Liga de Campeones BAR 9,Liga de Campeones BAR 9,https://raw.githubusercontent.com/davidmuma/picons_dobleM/master/icon/Liga%20de%20Campeones%20BAR%209.png
Liga de Campeones BAR 10,Liga de Campeones BAR 10,https://raw.githubusercontent.com/davidmuma/picons_dobleM/master/icon/Liga%20de%20Campeones%20BAR%2010.png
Liga de Campeones BAR 11,Liga de Campeones BAR 11,https://raw.githubusercontent.com/davidmuma/picons_dobleM/master/icon/Liga%20de%20Campeones%20BAR%2011.png
Liga de Campeones BAR 12,Liga de Campeones BAR 12,https://raw.githubusercontent.com/davidmuma/picons_dobleM/master/icon/Liga%20de%20Campeones%20BAR%2012.png
GolStadium BAR,GolStadium BAR,https://raw.githubusercontent.com/davidmuma/picons_dobleM/master/icon/GolStadium%20BAR.png
DAZN F1 BAR,DAZN F1 BAR,https://raw.githubusercontent.com/davidmuma/picons_dobleM/master/icon/DAZN%20F1%20BAR.png
Gol Classics,Gol Classics,https://raw.githubusercontent.com/davidmuma/picons_dobleM/master/icon/Gol%20Classics.png
GolStadium,GolStadium,https://raw.githubusercontent.com/davidmuma/picons_dobleM/master/icon/GolStadium.png
Torolé TV,Torolé TV,https://raw.githubusercontent.com/davidmuma/picons_dobleM/master/icon/Torol%C3%A9%20TV.png
Iberalia pesca,Iberalia pesca,https://raw.githubusercontent.com/davidmuma/picons_dobleM/master/icon/Iberalia%20pesca.png
Iberalia caza,Iberalia caza,https://raw.githubusercontent.com/davidmuma/picons_dobleM/master/icon/Iberalia%20caza.png
Global Telenovelas,Global Telenovelas,https://raw.githubusercontent.com/davidmuma/picons_dobleM/master/icon/Global%20Telenovelas.png
Global Tendencias,Global Tendencias,https://raw.githubusercontent.com/davidmuma/picons_dobleM/master/icon/Global%20Tendencias.png
Fight Time,Fight Time,https://raw.githubusercontent.com/davidmuma/picons_dobleM/master/icon/Fight%20Time.png
DBike,DBike,https://raw.githubusercontent.com/davidmuma/picons_dobleM/master/icon/DBike.png
Náutica TV,Náutica TV,https://raw.githubusercontent.com/davidmuma/picons_dobleM/master/icon/N%C3%A1utica%20TV.png
Antena Motor,Antena Motor,https://raw.githubusercontent.com/davidmuma/picons_dobleM/master/icon/Antena%20Motor.png
Dhípica,Dhípica,https://raw.githubusercontent.com/davidmuma/picons_dobleM/master/icon/Dh%C3%ADpica.png
REKTV,REKTV,https://raw.githubusercontent.com/davidmuma/picons_dobleM/master/icon/REKTV.png
tlnovelas,tlnovelas,https://raw.githubusercontent.com/davidmuma/picons_dobleM/master/icon/tlnovelas.png
DePelícula,DePelícula,https://raw.githubusercontent.com/davidmuma/picons_dobleM/master/icon/DePel%C3%ADcula.png
DejateTV,DejateTV,https://raw.githubusercontent.com/davidmuma/picons_dobleM/master/icon/DejateTV.png
PTV Granada,PTV Granada,https://raw.githubusercontent.com/davidmuma/picons_dobleM/master/icon/PTV%20Granada.png
PTV Sevilla,PTV Sevilla,https://raw.githubusercontent.com/davidmuma/picons_dobleM/master/icon/PTV%20Sevilla.png
PTV Linares,PTV Linares,https://raw.githubusercontent.com/davidmuma/picons_dobleM/master/icon/PTV%20Linares.png
PTV Málaga,PTV Málaga,https://raw.githubusercontent.com/davidmuma/picons_dobleM/master/icon/PTV%20M%C3%A1laga.png
NFL Network,NFL Network,https://raw.githubusercontent.com/davidmuma/picons_dobleM/master/icon/NFL%20Network.png
Red Bull TV,Red Bull TV,https://raw.githubusercontent.com/davidmuma/picons_dobleM/master/icon/Red%20Bull%20TV.png
Unbeaten,Unbeaten,https://raw.githubusercontent.com/davidmuma/picons_dobleM/master/icon/Unbeaten.png
DAZN Bundesliga,DAZN Bundesliga,https://image.discovery.indazn.com/eu/v4/onboarding-images/none/sn_6by3h89i2eykc341oz7lv1ddd/fill/center/top/none/100/0/0/png/image/25/g
DAZN Bundesliga 2,DAZN Bundesliga 2,https://image.discovery.indazn.com/eu/v4/onboarding-images/none/sn_6by3h89i2eykc341oz7lv1ddd/fill/center/top/none/100/0/0/png/image/25/g
DAZN Bundesliga 3,DAZN Bundesliga 3,https://image.discovery.indazn.com/eu/v4/onboarding-images/none/sn_6by3h89i2eykc341oz7lv1ddd/fill/center/top/none/100/0/0/png/image/25/g
DAZN Bundesliga 4,DAZN Bundesliga 4,https://image.discovery.indazn.com/eu/v4/onboarding-images/none/sn_6by3h89i2eykc341oz7lv1ddd/fill/center/top/none/100/0/0/png/image/25/g
DAZN Bundesliga 5,DAZN Bundesliga 5,https://image.discovery.indazn.com/eu/v4/onboarding-images/none/sn_6by3h89i2eykc341oz7lv1ddd/fill/center/top/none/100/0/0/png/image/25/g
DAZN LALIGA EA SPORTS,DAZN LALIGA EA SPORTS,https://image.discovery.indazn.com/eu/v4/onboarding-images/none/sn_34pl8szyvrbwcmfkuocjm3r6t/fill/center/top/none/100/0/0/png/image/25/g
DAZN LALIGA EA SPORTS 2,DAZN LALIGA EA SPORTS 2,https://image.discovery.indazn.com/eu/v4/onboarding-images/none/sn_34pl8szyvrbwcmfkuocjm3r6t/fill/center/top/none/100/0/0/png/image/25/g
DAZN Liga F,DAZN Liga F,https://image.discovery.indazn.com/eu/v4/onboarding-images/none/sn_5k620c7y6dlbmcm88dt3eb7t/fill/center/top/none/100/0/0/png/image/25/g
DAZN Liga F 2,DAZN Liga F 2,https://image.discovery.indazn.com/eu/v4/onboarding-images/none/sn_5k620c7y6dlbmcm88dt3eb7t/fill/center/top/none/100/0/0/png/image/25/g
DAZN Liga F 3,DAZN Liga F 3,https://image.discovery.indazn.com/eu/v4/onboarding-images/none/sn_5k620c7y6dlbmcm88dt3eb7t/fill/center/top/none/100/0/0/png/image/25/g
DAZN National League,DAZN National League,https://image.discovery.indazn.com/eu/v4/onboarding-images/none/sn_b5udgm9vakjqz8dcmy5b2g0xt/fill/center/top/none/100/0/0/png/image/25/g
DAZN National League 2,DAZN National League 2,https://image.discovery.indazn.com/eu/v4/onboarding-images/none/sn_b5udgm9vakjqz8dcmy5b2g0xt/fill/center/top/none/100/0/0/png/image/25/g
DAZN National League 3,DAZN National League 3,https://image.discovery.indazn.com/eu/v4/onboarding-images/none/sn_b5udgm9vakjqz8dcmy5b2g0xt/fill/center/top/none/100/0/0/png/image/25/g
DAZN National League 4,DAZN National League 4,https://image.discovery.indazn.com/eu/v4/onboarding-images/none/sn_b5udgm9vakjqz8dcmy5b2g0xt/fill/center/top/none/100/0/0/png/image/25/g
DAZN National League 5,DAZN National League 5,https://image.discovery.indazn.com/eu/v4/onboarding-images/none/sn_b5udgm9vakjqz8dcmy5b2g0xt/fill/center/top/none/100/0/0/png/image/25/g
DAZN National League 6,DAZN National League 6,https://image.discovery.indazn.com/eu/v4/onboarding-images/none/sn_b5udgm9vakjqz8dcmy5b2g0xt/fill/center/top/none/100/0/0/png/image/25/g
DAZN National League 7,DAZN National League 7,https://image.discovery.indazn.com/eu/v4/onboarding-images/none/sn_b5udgm9vakjqz8dcmy5b2g0xt/fill/center/top/none/100/0/0/png/image/25/g
DAZN National League 8,DAZN National League 8,https://image.discovery.indazn.com/eu/v4/onboarding-images/none/sn_b5udgm9vakjqz8dcmy5b2g0xt/fill/center/top/none/100/0/0/png/image/25/g
DAZN National League 9,DAZN National League 9,https://image.discovery.indazn.com/eu/v4/onboarding-images/none/sn_b5udgm9vakjqz8dcmy5b2g0xt/fill/center/top/none/100/0/0/png/image/25/g
DAZN Premier League,DAZN Premier League,https://image.discovery.indazn.com/eu/v4/onboarding-images/none/sn_2kwbbcootiqqgmrzs6o5inle5/fill/center/top/none/100/0/0/png/image/25/g
DAZN Premier League 2,DAZN Premier League 2,https://image.discovery.indazn.com/eu/v4/onboarding-images/none/sn_2kwbbcootiqqgmrzs6o5inle5/fill/center/top/none/100/0/0/png/image/25/g
DAZN Premier League 3,DAZN Premier League 3,https://image.discovery.indazn.com/eu/v4/onboarding-images/none/sn_2kwbbcootiqqgmrzs6o5inle5/fill/center/top/none/100/0/0/png/image/25/g
DAZN Premier League 4,DAZN Premier League 4,https://image.discovery.indazn.com/eu/v4/onboarding-images/none/sn_2kwbbcootiqqgmrzs6o5inle5/fill/center/top/none/100/0/0/png/image/25/g
DAZN Premier League 5,DAZN Premier League 5,https://image.discovery.indazn.com/eu/v4/onboarding-images/none/sn_2kwbbcootiqqgmrzs6o5inle5/fill/center/top/none/100/0/0/png/image/25/g
DAZN Serie A,DAZN Serie A,https://image.discovery.indazn.com/eu/v4/onboarding-images/none/sn_1r097lpxe0xn03ihb7wi98kao/fill/center/top/none/100/0/0/png/image/25/g
DAZN Serie A 2,DAZN Serie A 2,https://image.discovery.indazn.com/eu/v4/onboarding-images/none/sn_1r097lpxe0xn03ihb7wi98kao/fill/center/top/none/100/0/0/png/image/25/g
DAZN MotoGP,DAZN MotoGP,https://image.discovery.indazn.com/eu/v4/onboarding-images/none/sn_2e554vbpw7g0ykhl0rziuabxl/fill/center/top/none/100/0/0/png/image/25/g
VE PLUS TV,VE PLUS TV,https://raw.githubusercontent.com/davidmuma/picons_dobleM/master/icon/VE%20PLUS%20TV.png
Extreme Channel,Extreme Channel,https://raw.githubusercontent.com/davidmuma/picons_dobleM/master/icon/Extreme%20Channel.png
acontra+,acontra+,https://raw.githubusercontent.com/davidmuma/picons_dobleM/master/icon/acontra%2B.png
Nós Televisión,Nós Televisión,https://raw.githubusercontent.com/davidmuma/picons_dobleM/master/icon/N%C3%B3s%20Televisi%C3%B3n.png
TELEVIGO,TELEVIGO,https://raw.githubusercontent.com/davidmuma/picons_dobleM/master/icon/TELEVIGO.png
Lolly Kids,Lolly Kids,https://raw.githubusercontent.com/davidmuma/picons_dobleM/master/icon/Lolly%20Kids.png
VINX,VINX,https://raw.githubusercontent.com/davidmuma/picons_dobleM/master/icon/VINX.png
Record,Record,https://raw.githubusercontent.com/davidmuma/picons_dobleM/master/icon/Record.png
RTP Internacional,RTP Internacional,https://raw.githubusercontent.com/davidmuma/picons_dobleM/master/icon/RTP%20Internacional.png
NHK WORLD,NHK WORLD,https://raw.githubusercontent.com/davidmuma/picons_dobleM/master/icon/NHK%20WORLD.png
PRO TV RUMANIA,PRO TV RUMANIA,https://raw.githubusercontent.com/davidmuma/picons_dobleM/master/icon/PRO%20TV%20RUMANIA.png
Playboy TV,Playboy TV,https://raw.githubusercontent.com/davidmuma/picons_dobleM/master/icon/Playboy%20TV.png
Dark Rojo,Dark Rojo,https://raw.githubusercontent.com/davidmuma/picons_dobleM/master/icon/Dark%20Rojo.png
AMC Anime,AMC Anime,https://raw.githubusercontent.com/davidmuma/picons_dobleM/master/icon/AMC%20Anime.png
AMC+ Connect,AMC+ Connect,https://raw.githubusercontent.com/davidmuma/picons_dobleM/master/icon/AMC%2B%20Connect.png
Escapa TV,Escapa TV,https://raw.githubusercontent.com/davidmuma/picons_dobleM/master/icon/Escapa%20TV.png
Popular TV Región de Murcia,Popular TV Región de Murcia,https://raw.githubusercontent.com/davidmuma/picons_dobleM/master/icon/Popular%20TV%20Regi%C3%B3n%20de%20Murcia.png
La 7 Rioja,La 7 Rioja,https://raw.githubusercontent.com/davidmuma/picons_dobleM/master/icon/La%207%20Rioja.png
ETB4,ETB4,https://raw.githubusercontent.com/davidmuma/picons_dobleM/master/icon/ETB4.png
TPA7 Asturias,TPA7 Asturias,https://raw.githubusercontent.com/davidmuma/picons_dobleM/master/icon/TPA7%20Asturias.png
TPA8 Asturias,TPA8 Asturias,https://raw.githubusercontent.com/davidmuma/picons_dobleM/master/icon/TPA8%20Asturias.png
Levante TV,Levante TV,https://raw.githubusercontent.com/davidmuma/picons_dobleM/master/icon/Levante%20TV.png
Onda Algeciras TV,Onda Algeciras TV,https://raw.githubusercontent.com/davidmuma/picons_dobleM/master/icon/Onda%20Algeciras%20TV.png
Tele Elx,Tele Elx,https://raw.githubusercontent.com/davidmuma/picons_dobleM/master/icon/Tele%20Elx.png
7teleValencia,7teleValencia,https://raw.githubusercontent.com/davidmuma/picons_dobleM/master/icon/7teleValencia.png
Información TV,Información TV,https://raw.githubusercontent.com/davidmuma/picons_dobleM/master/icon/Informaci%C3%B3n%20TV.png
DAZN 1 BAR,DAZN 1 BAR,https://raw.githubusercontent.com/davidmuma/picons_dobleM/master/icon/DAZN%201%20BAR.png
DAZN 2 BAR,DAZN 2 BAR,https://raw.githubusercontent.com/davidmuma/picons_dobleM/master/icon/DAZN%202%20BAR.png
LaLiga TV BAR 4,LaLiga TV BAR 4,https://raw.githubusercontent.com/davidmuma/picons_dobleM/master/icon/LaLiga%20TV%20BAR%204.png
LaLiga TV BAR 5,LaLiga TV BAR 5,https://raw.githubusercontent.com/davidmuma/picons_dobleM/master/icon/LaLiga%20TV%20BAR%205.png
ETB1 euskera,ETB1 euskera,https://raw.githubusercontent.com/davidmuma/picons_dobleM/master/icon/ETB1%20euskera.png
ETB2 euskera,ETB2 euskera,https://raw.githubusercontent.com/davidmuma/picons_dobleM/master/icon/ETB2%20euskera.png
ETB3 euskera,ETB3 euskera,https://raw.githubusercontent.com/davidmuma/picons_dobleM/master/icon/ETB3%20euskera.png
ETB4 euskera,ETB4 euskera,https://raw.githubusercontent.com/davidmuma/picons_dobleM/master/icon/ETB4%20euskera.png
EITB Basque euskera,EITB Basque euskera,https://raw.githubusercontent.com/davidmuma/picons_dobleM/master/icon/EITB%20Basque%20euskera.png
La 1 Cataluña,La 1 Cataluña,https://raw.githubusercontent.com/davidmuma/picons_dobleM/master/icon/La%201%20Catalu%C3%B1a.png
La 2 Cataluña,La 2 Cataluña,https://raw.githubusercontent.com/davidmuma/picons_dobleM/master/icon/La%202%20Catalu%C3%B1a.png
24 horas Cataluña,24 horas Cataluña,https://raw.githubusercontent.com/davidmuma/picons_dobleM/master/icon/24%20horas%20Catalu%C3%B1a.png
La 1 Canarias,La 1 Canarias,https://raw.githubusercontent.com/davidmuma/picons_dobleM/master/icon/La%201%20Canarias.png
La 2 Canarias,La 2 Canarias,https://raw.githubusercontent.com/davidmuma/picons_dobleM/master/icon/La%202%20Canarias.png
24 horas Canarias,24 horas Canarias,https://raw.githubusercontent.com/davidmuma/picons_dobleM/master/icon/24%20horas%20Canarias.png
Cocina,Cocina,https://raw.githubusercontent.com/davidmuma/picons_dobleM/master/icon/Cocina.png
La Promesa,La Promesa,https://raw.githubusercontent.com/davidmuma/picons_dobleM/master/icon/La%20Promesa.png
La Moderna,La Moderna,https://raw.githubusercontent.com/davidmuma/picons_dobleM/master/icon/La%20Moderna.png
La Revuelta,La Revuelta,https://raw.githubusercontent.com/davidmuma/picons_dobleM/master/icon/La%20Revuelta.png
Somos Cine,Somos Cine,https://raw.githubusercontent.com/davidmuma/picons_dobleM/master/icon/Somos%20Cine.png
Cuéntame,Cuéntame,https://raw.githubusercontent.com/davidmuma/picons_dobleM/master/icon/Cu%C3%A9ntame.png
Saber y ganar,Saber y ganar,https://raw.githubusercontent.com/davidmuma/picons_dobleM/master/icon/Saber%20y%20ganar.png
Los Conciertos de Radio 3,Los Conciertos de Radio 3,https://raw.githubusercontent.com/davidmuma/picons_dobleM/master/icon/Los%20Conciertos%20de%20Radio%203.png
TV3 Catalunya,TV3 Catalunya,https://raw.githubusercontent.com/davidmuma/picons_dobleM/master/icon/TV3%20Catalunya.png
3CatInfo Catalunya,3CatInfo Catalunya,https://raw.githubusercontent.com/davidmuma/picons_dobleM/master/icon/3CatInfo%20Catalunya.png
SX3 Catalunya,SX3 Catalunya,https://raw.githubusercontent.com/davidmuma/picons_dobleM/master/icon/SX3%20Catalunya.png
El 33 Catalunya,El 33 Catalunya,https://raw.githubusercontent.com/davidmuma/picons_dobleM/master/icon/El%2033%20Catalunya.png
Esport3 Catalunya,Esport3 Catalunya,https://raw.githubusercontent.com/davidmuma/picons_dobleM/master/icon/Esport3%20Catalunya.png
TV3CAT Catalunya,TV3CAT Catalunya,https://raw.githubusercontent.com/davidmuma/picons_dobleM/master/icon/TV3CAT%20Catalunya.png
Bon Dia TV,Bon Dia TV,https://raw.githubusercontent.com/davidmuma/picons_dobleM/master/icon/Bon%20Dia%20TV.png
El Hormiguero,El Hormiguero,https://raw.githubusercontent.com/davidmuma/picons_dobleM/master/icon/El%20Hormiguero.png
El club de la comedia,El club de la comedia,https://raw.githubusercontent.com/davidmuma/picons_dobleM/master/icon/El%20club%20de%20la%20comedia.png
Equipo de investigación,Equipo de investigación,https://raw.githubusercontent.com/davidmuma/picons_dobleM/master/icon/Equipo%20de%20investigaci%C3%B3n.png
Aquí no hay quién viva,Aquí no hay quién viva,https://raw.githubusercontent.com/davidmuma/picons_dobleM/master/icon/Aqu%C3%AD%20no%20hay%20qui%C3%A9n%20viva.png
FoQ,FoQ,https://raw.githubusercontent.com/davidmuma/picons_dobleM/master/icon/FoQ.png
Clásicos atresplayer,Clásicos atresplayer,https://raw.githubusercontent.com/davidmuma/picons_dobleM/master/icon/Cl%C3%A1sicos%20atresplayer.png
Multicine atresplayer,Multicine atresplayer,https://raw.githubusercontent.com/davidmuma/picons_dobleM/master/icon/Multicine%20atresplayer.png
Comedia atresplayer,Comedia atresplayer,https://raw.githubusercontent.com/davidmuma/picons_dobleM/master/icon/Comedia%20atresplayer.png
Inquietos atresplayer,Inquietos atresplayer,https://raw.githubusercontent.com/davidmuma/picons_dobleM/master/icon/Inquietos%20atresplayer.png
Flooxer,Flooxer,https://raw.githubusercontent.com/davidmuma/picons_dobleM/master/icon/Flooxer.png
Kidz,Kidz,https://raw.githubusercontent.com/davidmuma/picons_dobleM/master/icon/Kidz.png
ATRESplayer PREMIUM,ATRESplayer PREMIUM,https://raw.githubusercontent.com/davidmuma/picons_dobleM/master/icon/ATRESplayer%20PREMIUM.png
Infinity En la calle,Infinity En la calle,https://img-prod-api2.mediasetplay.mediaset.it/api/images/by/v5/esp/aHR0cHM6Ly9kYW0uY2xvdWQubWVkaWFzZXQubmV0L20vMTA2ZGM0N2JhNmQ1ODMyNy9vcmlnaW5hbC9DaGFubmVsLWxvZ29fSW5maW5pdHktRW4tbGEtY2FsbGUucG5n/single/87/87@2?r=%202x&quot;%20media=&quot;(max-width:%201023px)|https://img-prod-api2.mediasetplay.mediaset.it/api/images/by/v5/esp/aHR0cHM6Ly9kYW0uY2xvdWQubWVkaWFzZXQubmV0L20vMTA2ZGM0N2JhNmQ1ODMyNy9vcmlnaW5hbC9DaGFubmVsLWxvZ29fSW5maW5pdHktRW4tbGEtY2FsbGUucG5n/single/87/87@2?r=%202x&quot;%20media=&quot;(max-width:%201023px)|https://img-prod-api2.mediasetplay.mediaset.it/api/images/by/v5/esp/aHR0cHM6Ly9kYW0uY2xvdWQubWVkaWFzZXQubmV0L20vMTA2ZGM0N2JhNmQ1ODMyNy9vcmlnaW5hbC9DaGFubmVsLWxvZ29fSW5maW5pdHktRW4tbGEtY2FsbGUucG5n/single/87/87@2?r=%202x&quot;%20media=&quot;(max-width:%201023px)|https://img-prod-api2.mediasetplay.mediaset.it/api/images/by/v5/esp/aHR0cHM6Ly9kYW0uY2xvdWQubWVkaWFzZXQubmV0L20vMTA2ZGM0N2JhNmQ1ODMyNy9vcmlnaW5hbC9DaGFubmVsLWxvZ29fSW5maW5pdHktRW4tbGEtY2FsbGUucG5n/single/87/87@2?r=%202x&quot;%20media=&quot;(max-width:%201023px)|https://img-prod-api2.mediasetplay.mediaset.it/api/images/by/v5/esp/aHR0cHM6Ly9kYW0uY2xvdWQubWVkaWFzZXQubmV0L20vMTA2ZGM0N2JhNmQ1ODMyNy9vcmlnaW5hbC9DaGFubmVsLWxvZ29fSW5maW5pdHktRW4tbGEtY2FsbGUucG5n/single/87/87@2?r=%202x&quot;%20media=&quot;(max-width:%201023px)|https://img-prod-api2.mediasetplay.mediaset.it/api/images/by/v5/esp/aHR0cHM6Ly9kYW0uY2xvdWQubWVkaWFzZXQubmV0L20vMTA2ZGM0N2JhNmQ1ODMyNy9vcmlnaW5hbC9DaGFubmVsLWxvZ29fSW5maW5pdHktRW4tbGEtY2FsbGUucG5n/single/87/87@2?r=%202x&quot;%20media=&quot;(max-width:%201023px)|https://img-prod-api2.mediasetplay.mediaset.it/api/images/by/v5/esp/aHR0cHM6Ly9kYW0uY2xvdWQubWVkaWFzZXQubmV0L20vMTA2ZGM0N2JhNmQ1ODMyNy9vcmlnaW5hbC9DaGFubmVsLWxvZ29fSW5maW5pdHktRW4tbGEtY2FsbGUucG5n/single/87/87@2?r=%202x&quot;%20media=&quot;(max-width:%201023px)
Infinity Viajes,Infinity Viajes,https://img-prod-api2.mediasetplay.mediaset.it/api/images/by/v5/esp/aHR0cHM6Ly9kYW0uY2xvdWQubWVkaWFzZXQubmV0L20vMTVjMWUyNWJhZjhkNjE4MC9vcmlnaW5hbC9DaGFubmVsLWxvZ29fSW5maW5pdHktVmlhamVzLnBuZw/single/87/87@2?r=%202x&quot;%20media=&quot;(max-width:%201023px)|https://img-prod-api2.mediasetplay.mediaset.it/api/images/by/v5/esp/aHR0cHM6Ly9kYW0uY2xvdWQubWVkaWFzZXQubmV0L20vMTVjMWUyNWJhZjhkNjE4MC9vcmlnaW5hbC9DaGFubmVsLWxvZ29fSW5maW5pdHktVmlhamVzLnBuZw/single/87/87@2?r=%202x&quot;%20media=&quot;(max-width:%201023px)|https://img-prod-api2.mediasetplay.mediaset.it/api/images/by/v5/esp/aHR0cHM6Ly9kYW0uY2xvdWQubWVkaWFzZXQubmV0L20vMTVjMWUyNWJhZjhkNjE4MC9vcmlnaW5hbC9DaGFubmVsLWxvZ29fSW5maW5pdHktVmlhamVzLnBuZw/single/87/87@2?r=%202x&quot;%20media=&quot;(max-width:%201023px)|https://img-prod-api2.mediasetplay.mediaset.it/api/images/by/v5/esp/aHR0cHM6Ly9kYW0uY2xvdWQubWVkaWFzZXQubmV0L20vMTVjMWUyNWJhZjhkNjE4MC9vcmlnaW5hbC9DaGFubmVsLWxvZ29fSW5maW5pdHktVmlhamVzLnBuZw/single/87/87@2?r=%202x&quot;%20media=&quot;(max-width:%201023px)|https://img-prod-api2.mediasetplay.mediaset.it/api/images/by/v5/esp/aHR0cHM6Ly9kYW0uY2xvdWQubWVkaWFzZXQubmV0L20vMTVjMWUyNWJhZjhkNjE4MC9vcmlnaW5hbC9DaGFubmVsLWxvZ29fSW5maW5pdHktVmlhamVzLnBuZw/single/87/87@2?r=%202x&quot;%20media=&quot;(max-width:%201023px)|https://img-prod-api2.mediasetplay.mediaset.it/api/images/by/v5/esp/aHR0cHM6Ly9kYW0uY2xvdWQubWVkaWFzZXQubmV0L20vMTVjMWUyNWJhZjhkNjE4MC9vcmlnaW5hbC9DaGFubmVsLWxvZ29fSW5maW5pdHktVmlhamVzLnBuZw/single/87/87@2?r=%202x&quot;%20media=&quot;(max-width:%201023px)|https://img-prod-api2.mediasetplay.mediaset.it/api/images/by/v5/esp/aHR0cHM6Ly9kYW0uY2xvdWQubWVkaWFzZXQubmV0L20vMTVjMWUyNWJhZjhkNjE4MC9vcmlnaW5hbC9DaGFubmVsLWxvZ29fSW5maW5pdHktVmlhamVzLnBuZw/single/87/87@2?r=%202x&quot;%20media=&quot;(max-width:%201023px)
Infinity Comedia,Infinity Comedia,https://img-prod-api2.mediasetplay.mediaset.it/api/images/by/v5/esp/aHR0cHM6Ly9kYW0uY2xvdWQubWVkaWFzZXQubmV0L20vNmFhMmMyNDRhYTUzMmEyNS9vcmlnaW5hbC9DaGFubmVsLWxvZ29fSW5maW5pdHktQ29tZWRpYS5wbmc/single/87/87@2?r=%202x&quot;%20media=&quot;(max-width:%201023px)|https://img-prod-api2.mediasetplay.mediaset.it/api/images/by/v5/esp/aHR0cHM6Ly9kYW0uY2xvdWQubWVkaWFzZXQubmV0L20vNmFhMmMyNDRhYTUzMmEyNS9vcmlnaW5hbC9DaGFubmVsLWxvZ29fSW5maW5pdHktQ29tZWRpYS5wbmc/single/87/87@2?r=%202x&quot;%20media=&quot;(max-width:%201023px)|https://img-prod-api2.mediasetplay.mediaset.it/api/images/by/v5/esp/aHR0cHM6Ly9kYW0uY2xvdWQubWVkaWFzZXQubmV0L20vNmFhMmMyNDRhYTUzMmEyNS9vcmlnaW5hbC9DaGFubmVsLWxvZ29fSW5maW5pdHktQ29tZWRpYS5wbmc/single/87/87@2?r=%202x&quot;%20media=&quot;(max-width:%201023px)|https://img-prod-api2.mediasetplay.mediaset.it/api/images/by/v5/esp/aHR0cHM6Ly9kYW0uY2xvdWQubWVkaWFzZXQubmV0L20vNmFhMmMyNDRhYTUzMmEyNS9vcmlnaW5hbC9DaGFubmVsLWxvZ29fSW5maW5pdHktQ29tZWRpYS5wbmc/single/87/87@2?r=%202x&quot;%20media=&quot;(max-width:%201023px)|https://img-prod-api2.mediasetplay.mediaset.it/api/images/by/v5/esp/aHR0cHM6Ly9kYW0uY2xvdWQubWVkaWFzZXQubmV0L20vNmFhMmMyNDRhYTUzMmEyNS9vcmlnaW5hbC9DaGFubmVsLWxvZ29fSW5maW5pdHktQ29tZWRpYS5wbmc/single/87/87@2?r=%202x&quot;%20media=&quot;(max-width:%201023px)|https://img-prod-api2.mediasetplay.mediaset.it/api/images/by/v5/esp/aHR0cHM6Ly9kYW0uY2xvdWQubWVkaWFzZXQubmV0L20vNmFhMmMyNDRhYTUzMmEyNS9vcmlnaW5hbC9DaGFubmVsLWxvZ29fSW5maW5pdHktQ29tZWRpYS5wbmc/single/87/87@2?r=%202x&quot;%20media=&quot;(max-width:%201023px)|https://img-prod-api2.mediasetplay.mediaset.it/api/images/by/v5/esp/aHR0cHM6Ly9kYW0uY2xvdWQubWVkaWFzZXQubmV0L20vNmFhMmMyNDRhYTUzMmEyNS9vcmlnaW5hbC9DaGFubmVsLWxvZ29fSW5maW5pdHktQ29tZWRpYS5wbmc/single/87/87@2?r=%202x&quot;%20media=&quot;(max-width:%201023px)
Infinity Top Series,Infinity Top Series,https://img-prod-api2.mediasetplay.mediaset.it/api/images/by/v5/esp/aHR0cHM6Ly9kYW0uY2xvdWQubWVkaWFzZXQubmV0L20vMmE2YTBiNDYzYjI4YTRlL29yaWdpbmFsL0NoYW5uZWwtbG9nb19JbmZpbml0eS1Ub3AtU2VyaWVzLnBuZw/single/87/87@2?r=%202x&quot;%20media=&quot;(max-width:%201023px)|https://img-prod-api2.mediasetplay.mediaset.it/api/images/by/v5/esp/aHR0cHM6Ly9kYW0uY2xvdWQubWVkaWFzZXQubmV0L20vMmE2YTBiNDYzYjI4YTRlL29yaWdpbmFsL0NoYW5uZWwtbG9nb19JbmZpbml0eS1Ub3AtU2VyaWVzLnBuZw/single/87/87@2?r=%202x&quot;%20media=&quot;(max-width:%201023px)|https://img-prod-api2.mediasetplay.mediaset.it/api/images/by/v5/esp/aHR0cHM6Ly9kYW0uY2xvdWQubWVkaWFzZXQubmV0L20vMmE2YTBiNDYzYjI4YTRlL29yaWdpbmFsL0NoYW5uZWwtbG9nb19JbmZpbml0eS1Ub3AtU2VyaWVzLnBuZw/single/87/87@2?r=%202x&quot;%20media=&quot;(max-width:%201023px)|https://img-prod-api2.mediasetplay.mediaset.it/api/images/by/v5/esp/aHR0cHM6Ly9kYW0uY2xvdWQubWVkaWFzZXQubmV0L20vMmE2YTBiNDYzYjI4YTRlL29yaWdpbmFsL0NoYW5uZWwtbG9nb19JbmZpbml0eS1Ub3AtU2VyaWVzLnBuZw/single/87/87@2?r=%202x&quot;%20media=&quot;(max-width:%201023px)|https://img-prod-api2.mediasetplay.mediaset.it/api/images/by/v5/esp/aHR0cHM6Ly9kYW0uY2xvdWQubWVkaWFzZXQubmV0L20vMmE2YTBiNDYzYjI4YTRlL29yaWdpbmFsL0NoYW5uZWwtbG9nb19JbmZpbml0eS1Ub3AtU2VyaWVzLnBuZw/single/87/87@2?r=%202x&quot;%20media=&quot;(max-width:%201023px)|https://img-prod-api2.mediasetplay.mediaset.it/api/images/by/v5/esp/aHR0cHM6Ly9kYW0uY2xvdWQubWVkaWFzZXQubmV0L20vMmE2YTBiNDYzYjI4YTRlL29yaWdpbmFsL0NoYW5uZWwtbG9nb19JbmZpbml0eS1Ub3AtU2VyaWVzLnBuZw/single/87/87@2?r=%202x&quot;%20media=&quot;(max-width:%201023px)|https://img-prod-api2.mediasetplay.mediaset.it/api/images/by/v5/esp/aHR0cHM6Ly9kYW0uY2xvdWQubWVkaWFzZXQubmV0L20vMmE2YTBiNDYzYjI4YTRlL29yaWdpbmFsL0NoYW5uZWwtbG9nb19JbmZpbml0eS1Ub3AtU2VyaWVzLnBuZw/single/87/87@2?r=%202x&quot;%20media=&quot;(max-width:%201023px)
Infinity+ LQSA,Infinity+ LQSA,https://img-prod-api2.mediasetplay.mediaset.it/api/images/by/v5/esp/aHR0cHM6Ly9kYW0uY2xvdWQubWVkaWFzZXQubmV0L20vOWQ1ZTZkNWFmNDM0OTNkL29yaWdpbmFsL0NoYW5uZWwtbG9nb19JbmZpbml0eS1MUVNBLnBuZw/single/87/87@2?r=%202x&quot;%20media=&quot;(max-width:%201023px)|https://img-prod-api2.mediasetplay.mediaset.it/api/images/by/v5/esp/aHR0cHM6Ly9kYW0uY2xvdWQubWVkaWFzZXQubmV0L20vOWQ1ZTZkNWFmNDM0OTNkL29yaWdpbmFsL0NoYW5uZWwtbG9nb19JbmZpbml0eS1MUVNBLnBuZw/single/87/87@2?r=%202x&quot;%20media=&quot;(max-width:%201023px)|https://img-prod-api2.mediasetplay.mediaset.it/api/images/by/v5/esp/aHR0cHM6Ly9kYW0uY2xvdWQubWVkaWFzZXQubmV0L20vOWQ1ZTZkNWFmNDM0OTNkL29yaWdpbmFsL0NoYW5uZWwtbG9nb19JbmZpbml0eS1MUVNBLnBuZw/single/87/87@2?r=%202x&quot;%20media=&quot;(max-width:%201023px)|https://img-prod-api2.mediasetplay.mediaset.it/api/images/by/v5/esp/aHR0cHM6Ly9kYW0uY2xvdWQubWVkaWFzZXQubmV0L20vOWQ1ZTZkNWFmNDM0OTNkL29yaWdpbmFsL0NoYW5uZWwtbG9nb19JbmZpbml0eS1MUVNBLnBuZw/single/87/87@2?r=%202x&quot;%20media=&quot;(max-width:%201023px)|https://img-prod-api2.mediasetplay.mediaset.it/api/images/by/v5/esp/aHR0cHM6Ly9kYW0uY2xvdWQubWVkaWFzZXQubmV0L20vOWQ1ZTZkNWFmNDM0OTNkL29yaWdpbmFsL0NoYW5uZWwtbG9nb19JbmZpbml0eS1MUVNBLnBuZw/single/87/87@2?r=%202x&quot;%20media=&quot;(max-width:%201023px)|https://img-prod-api2.mediasetplay.mediaset.it/api/images/by/v5/esp/aHR0cHM6Ly9kYW0uY2xvdWQubWVkaWFzZXQubmV0L20vOWQ1ZTZkNWFmNDM0OTNkL29yaWdpbmFsL0NoYW5uZWwtbG9nb19JbmZpbml0eS1MUVNBLnBuZw/single/87/87@2?r=%202x&quot;%20media=&quot;(max-width:%201023px)|https://img-prod-api2.mediasetplay.mediaset.it/api/images/by/v5/esp/aHR0cHM6Ly9kYW0uY2xvdWQubWVkaWFzZXQubmV0L20vOWQ1ZTZkNWFmNDM0OTNkL29yaWdpbmFsL0NoYW5uZWwtbG9nb19JbmZpbml0eS1MUVNBLnBuZw/single/87/87@2?r=%202x&quot;%20media=&quot;(max-width:%201023px)
La 7 Ávila,La 7 Ávila,https://raw.githubusercontent.com/davidmuma/picons_dobleM/master/icon/La%207%20%C3%81vila.png
La 7 Bierzo,La 7 Bierzo,https://raw.githubusercontent.com/davidmuma/picons_dobleM/master/icon/La%207%20Bierzo.png
La 7 Burgos,La 7 Burgos,https://raw.githubusercontent.com/davidmuma/picons_dobleM/master/icon/La%207%20Burgos.png
La 7 León,La 7 León,https://raw.githubusercontent.com/davidmuma/picons_dobleM/master/icon/La%207%20Le%C3%B3n.png
La 7 Palencia,La 7 Palencia,https://raw.githubusercontent.com/davidmuma/picons_dobleM/master/icon/La%207%20Palencia.png
La 7 Salamanca,La 7 Salamanca,https://raw.githubusercontent.com/davidmuma/picons_dobleM/master/icon/La%207%20Salamanca.png
La 7 Segovia,La 7 Segovia,https://raw.githubusercontent.com/davidmuma/picons_dobleM/master/icon/La%207%20Segovia.png
La 7 Soria,La 7 Soria,https://raw.githubusercontent.com/davidmuma/picons_dobleM/master/icon/La%207%20Soria.png
La 7 Valladolid,La 7 Valladolid,https://raw.githubusercontent.com/davidmuma/picons_dobleM/master/icon/La%207%20Valladolid.png
La 7 Zamora,La 7 Zamora,https://raw.githubusercontent.com/davidmuma/picons_dobleM/master/icon/La%207%20Zamora.png
La 8 Ávila,La 8 Ávila,https://raw.githubusercontent.com/davidmuma/picons_dobleM/master/icon/La%208%20%C3%81vila.png
La 8 Bierzo,La 8 Bierzo,https://raw.githubusercontent.com/davidmuma/picons_dobleM/master/icon/La%208%20Bierzo.png
La 8 Burgos,La 8 Burgos,https://raw.githubusercontent.com/davidmuma/picons_dobleM/master/icon/La%208%20Burgos.png
La 8 León,La 8 León,https://raw.githubusercontent.com/davidmuma/picons_dobleM/master/icon/La%208%20Le%C3%B3n.png
La 8 Palencia,La 8 Palencia,https://raw.githubusercontent.com/davidmuma/picons_dobleM/master/icon/La%208%20Palencia.png
La 8 Salamanca,La 8 Salamanca,https://raw.githubusercontent.com/davidmuma/picons_dobleM/master/icon/La%208%20Salamanca.png
La 8 Segovia,La 8 Segovia,https://raw.githubusercontent.com/davidmuma/picons_dobleM/master/icon/La%208%20Segovia.png
La 8 Soria,La 8 Soria,https://raw.githubusercontent.com/davidmuma/picons_dobleM/master/icon/La%208%20Soria.png
La 8 Valladolid,La 8 Valladolid,https://raw.githubusercontent.com/davidmuma/picons_dobleM/master/icon/La%208%20Valladolid.png
La 8 Zamora,La 8 Zamora,https://raw.githubusercontent.com/davidmuma/picons_dobleM/master/icon/La%208%20Zamora.png
Canal 10 Empordà,Canal 10 Empordà,https://d22hf6hy3vcb1o.cloudfront.net:443/Tenant_1/Asset/59b39e8627ac48fc918ac74868f10c52/Images/c87bb30b698f4dc9ae2fb28664d7f557
EmpordaTV,EmpordaTV,https://d22hf6hy3vcb1o.cloudfront.net:443/Tenant_1/Asset/372eac7b9f6147ce9b33835dcca3fa7c/Images/6864e0b1ce6f454995af88f894038cda
TAC12,TAC12,https://d22hf6hy3vcb1o.cloudfront.net:443/Tenant_1/Asset/35fb7e6bd71744cd920462b0d7507803/Images/11ffc0ea325540219ca78995bade2c75
TV Costa Brava,TV Costa Brava,https://d22hf6hy3vcb1o.cloudfront.net:443/Tenant_1/Asset/4710b8c020dc4441929c75e3a40d9a7d/Images/d8b1cbbc1ebb4ce7acc069ec43a341a8
Canal Terrassa,Canal Terrassa,https://d22hf6hy3vcb1o.cloudfront.net:443/Tenant_1/Asset/7b1fb076dbeb487ebc107950baeaa583/Images/30706a728c58462a92dc464334a0cd9b
Televisió de l'Hospitalet,Televisió de l'Hospitalet,https://d22hf6hy3vcb1o.cloudfront.net:443/Tenant_1/Asset/4d27376306554922877e2fcde8b28d2a/Images/b3d18271aae4465290668f581fa3e20d
TV Berguedà,TV Berguedà,https://d22hf6hy3vcb1o.cloudfront.net:443/Tenant_1/Asset/bfcb5ca4ff69469cbc691e0c5ddc4d4b/Images/92273c48950642bc9ebdf33eae57ab77
Canal Taronja Anoia,Canal Taronja Anoia,https://d22hf6hy3vcb1o.cloudfront.net:443/Tenant_1/Asset/6b76d3a06b3e40d3aa0f180825e49c3e/Images/84251d414f3d4709beb81bba4d6bd222
Canal Reus TV,Canal Reus TV,https://d22hf6hy3vcb1o.cloudfront.net:443/Tenant_1/Asset/a70fc167fb5f47f095f0a35a2174d87c/Images/ef2270b80a714e71b59919e6827ec051
Canal21 Ebre,Canal21 Ebre,https://d22hf6hy3vcb1o.cloudfront.net:443/Tenant_1/Asset/db43c578923f403b866bf4a2cc432f20/Images/b8a496cd30d44312859c06cbcb58dcfb
Canal Terres de l'Ebre,Canal Terres de l'Ebre,https://d22hf6hy3vcb1o.cloudfront.net:443/Tenant_1/Asset/b98fe654fe94466e80ac5902566ac4b9/Images/9f325a5f48ad43d486d9cdb3e41dde08
TV Girona,TV Girona,https://d22hf6hy3vcb1o.cloudfront.net:443/Tenant_1/Asset/c1ed09e701c74922a7096204ce7f7212/Images/399a1dd20d3c4a5aad992b24d7eeb4c4
ETV,ETV,https://d22hf6hy3vcb1o.cloudfront.net:443/Tenant_1/Asset/5125c58d0dfd42b3b3caad16d90df701/Images/7c6e7d9644aa4468977b24f65ca6f47a
tvmataró,tvmataró,https://d22hf6hy3vcb1o.cloudfront.net:443/Tenant_1/Asset/6a410adb06e34e1a8d6c025182126bda/Images/3450786141984304b268f9207db50bf1
TV Sabadell - Vallès,TV Sabadell - Vallès,https://d22hf6hy3vcb1o.cloudfront.net:443/Tenant_1/Asset/44c6758b94344e508781830ad0daa913/Images/47b0460e1aad4331afb04fa5bc5281f9
Penedès TV,Penedès TV,https://d22hf6hy3vcb1o.cloudfront.net:443/Tenant_1/Asset/42a0492953bf4323aed0c46c331b597b/Images/642877d672e54ed28808633d793965d1
Televisió de Badalona,Televisió de Badalona,https://d22hf6hy3vcb1o.cloudfront.net:443/Tenant_1/Asset/76678b4564d94001a89fa8ddfc78e9d8/Images/77cfcaa773c444be925aeb65ccdb4283
El 9 TV,El 9 TV,https://d22hf6hy3vcb1o.cloudfront.net:443/Tenant_1/Asset/84a7b6f48af446a590975ce5de68531f/Images/6d726d26edaf4627a361676becc0801c
Cugat Media,Cugat Media,https://d22hf6hy3vcb1o.cloudfront.net:443/Tenant_1/Asset/0a7002085b31450f9c507ba8fb0bac04/Images/79be7d3777f941d38b04f864089b85e9
Olot TV,Olot TV,https://d22hf6hy3vcb1o.cloudfront.net:443/Tenant_1/Asset/2ce334587a0b4fe1ae1c0fad797af300/Images/1f5bd5cdeb5d40cda734385044e1636e
Canal Taronja Central,Canal Taronja Central,https://d22hf6hy3vcb1o.cloudfront.net:443/Tenant_1/Asset/2483804e1dd343a08a95864a921fdce8/Images/bf16514e0dca4106954747a84dabb40a
VOTV,VOTV,https://d22hf6hy3vcb1o.cloudfront.net:443/Tenant_1/Asset/bed4a72f8c8248c3a283684eb4038f4d/Images/f3496345ca4f49e1b16c1f306ac33090
Canal Blau,Canal Blau,https://d22hf6hy3vcb1o.cloudfront.net:443/Tenant_1/Asset/c90cc7e06fd74f6c980a1039f80a322b/Images/4bf5cd5a7b124e96b80a8bfecc45c730
Lleida TV,Lleida TV,https://d22hf6hy3vcb1o.cloudfront.net:443/Tenant_1/Asset/4717e98daf50416982f71c7db0389a14/Images/58747f9ed82342bd8472425d531d402b
Banyoles TV,Banyoles TV,https://d22hf6hy3vcb1o.cloudfront.net:443/Tenant_1/Asset/0f6cd8ece2b04eafb93aab503324c005/Images/6e9740ff00014dfaa3b601e1f9240ae2
Vallès Visió,Vallès Visió,https://d22hf6hy3vcb1o.cloudfront.net:443/Tenant_1/Asset/113f590aa4c64dba85578d063e164269/Images/16ef075877324bf1846413275a7ff5bc
Squirrel TV,Squirrel TV,https://raw.githubusercontent.com/davidmuma/picons_dobleM/master/icon/Squirrel%20TV.png
Squirrel 2,Squirrel 2,https://raw.githubusercontent.com/davidmuma/picons_dobleM/master/icon/Squirrel%202.png
DARK,DARK,https://raw.githubusercontent.com/davidmuma/picons_dobleM/master/icon/DARK.png
AMC Break,AMC Break,https://raw.githubusercontent.com/davidmuma/picons_dobleM/master/icon/AMC%20Break.png
Odisea,Odisea,https://raw.githubusercontent.com/davidmuma/picons_dobleM/master/icon/Odisea.png
AMC HD,AMC,https://raw.githubusercontent.com/davidmuma/picons_dobleM/master/icon/AMC.png
AMC Crime,AMC Crime,https://raw.githubusercontent.com/davidmuma/picons_dobleM/master/icon/AMC%20Crime.png
Historia,Historia,https://raw.githubusercontent.com/davidmuma/picons_dobleM/master/icon/Historia.png
XTRM,XTRM,https://raw.githubusercontent.com/davidmuma/picons_dobleM/master/icon/XTRM.png
Canal Hollywood HD,Canal Hollywood,https://raw.githubusercontent.com/davidmuma/picons_dobleM/master/icon/Canal%20Hollywood.png
Sundance TV,Sundance TV,https://raw.githubusercontent.com/davidmuma/picons_dobleM/master/icon/Sundance%20TV.png
VinTV,VinTV,https://raw.githubusercontent.com/davidmuma/picons_dobleM/master/icon/VinTV.png
Somos,Somos,https://raw.githubusercontent.com/davidmuma/picons_dobleM/master/icon/Somos.png
Canal Cocina,Canal Cocina,https://raw.githubusercontent.com/davidmuma/picons_dobleM/master/icon/Canal%20Cocina.png
Decasa,Decasa,https://raw.githubusercontent.com/davidmuma/picons_dobleM/master/icon/Decasa.png
SELEKT,SELEKT,https://raw.githubusercontent.com/davidmuma/picons_dobleM/master/icon/SELEKT.png
Veo7,Veo7,https://raw.githubusercontent.com/davidmuma/picons_dobleM/master/icon/Veo7.png
BOM Cine,BOM Cine,https://raw.githubusercontent.com/davidmuma/picons_dobleM/master/icon/BOM%20Cine.png
BuenViaje,BuenViaje,https://raw.githubusercontent.com/davidmuma/picons_dobleM/master/icon/BuenViaje.png
Cines Verdi TV,Cines Verdi TV,https://raw.githubusercontent.com/davidmuma/picons_dobleM/master/icon/Cines%20Verdi%20TV.png
Cine Feel Good,Cine Feel Good,https://raw.githubusercontent.com/davidmuma/picons_dobleM/master/icon/Cine%20Feel%20Good.png
LALIGA Inside,LALIGA Inside,https://raw.githubusercontent.com/davidmuma/picons_dobleM/master/icon/LALIGA%20Inside.png
Top Barça,Top Barça,https://raw.githubusercontent.com/davidmuma/picons_dobleM/master/icon/Top%20Bar%C3%A7a.png
Betis TV,Betis TV,https://raw.githubusercontent.com/davidmuma/picons_dobleM/master/icon/Betis%20TV.png
Rugby Challenge Spain,Rugby Challenge Spain,https://raw.githubusercontent.com/davidmuma/picons_dobleM/master/icon/Rugby%20Challenge%20Spain.png
MMA TV,MMA TV,https://raw.githubusercontent.com/davidmuma/picons_dobleM/master/icon/MMA%20TV.png
Gol Classics,Gol Classics,https://raw.githubusercontent.com/davidmuma/picons_dobleM/master/icon/Gol%20Classics.png
Runtime Thriller-Terror,Runtime Thriller-Terror,https://raw.githubusercontent.com/davidmuma/picons_dobleM/master/icon/Runtime%20Thriller-Terror.png
Runtime Comedia,Runtime Comedia,https://raw.githubusercontent.com/davidmuma/picons_dobleM/master/icon/Runtime%20Comedia.png
Runtime Cine y Series,Runtime Cine y Series,https://raw.githubusercontent.com/davidmuma/picons_dobleM/master/icon/Runtime%20Cine%20y%20Series.png
Runtime Series,Runtime Series,https://raw.githubusercontent.com/davidmuma/picons_dobleM/master/icon/Runtime%20Series.png
Runtime Acción,Runtime Acción,https://raw.githubusercontent.com/davidmuma/picons_dobleM/master/icon/Runtime%20Acci%C3%B3n.png
Runtime Crimen,Runtime Crimen,https://raw.githubusercontent.com/davidmuma/picons_dobleM/master/icon/Runtime%20Crimen.png
Runtime Romance,Runtime Romance,https://raw.githubusercontent.com/davidmuma/picons_dobleM/master/icon/Runtime%20Romance.png
RunTime Clásicos,RunTime Clásicos,https://raw.githubusercontent.com/davidmuma/picons_dobleM/master/icon/RunTime%20Cl%C3%A1sicos.png
RunTime Familia,RunTime Familia,https://raw.githubusercontent.com/davidmuma/picons_dobleM/master/icon/RunTime%20Familia.png
Qello concerts,Qello concerts,https://raw.githubusercontent.com/davidmuma/picons_dobleM/master/icon/Qello%20concerts.png
TRACE Sports Stars,TRACE Sports Stars,https://raw.githubusercontent.com/davidmuma/picons_dobleM/master/icon/TRACE%20Sports%20Stars.png
Horse TV,Horse TV,https://raw.githubusercontent.com/davidmuma/picons_dobleM/master/icon/Horse%20TV.png
Nautical Channel,Nautical Channel,https://raw.githubusercontent.com/davidmuma/picons_dobleM/master/icon/Nautical%20Channel.png
Surf Channel,Surf Channel,https://raw.githubusercontent.com/davidmuma/picons_dobleM/master/icon/Surf%20Channel.png
Motorvision,Motorvision,https://raw.githubusercontent.com/davidmuma/picons_dobleM/master/icon/Motorvision.png
Fast&amp;FunBox,Fast&amp;FunBox,https://raw.githubusercontent.com/davidmuma/picons_dobleM/master/icon/Fast%26FunBox.png
FightSports,FightSports,https://raw.githubusercontent.com/davidmuma/picons_dobleM/master/icon/FightSports.png
Fight Box HD,Fight Box,https://raw.githubusercontent.com/davidmuma/picons_dobleM/master/icon/Fight%20Box.png
QWest Mix,QWest Mix,https://raw.githubusercontent.com/davidmuma/picons_dobleM/master/icon/QWest%20Mix.png
Sol Música,Sol Música,https://raw.githubusercontent.com/davidmuma/picons_dobleM/master/icon/Sol%20M%C3%BAsica.png
TRACE Latina,TRACE Latina,https://raw.githubusercontent.com/davidmuma/picons_dobleM/master/icon/TRACE%20Latina.png
TRACE Urban,TRACE Urban,https://raw.githubusercontent.com/davidmuma/picons_dobleM/master/icon/TRACE%20Urban.png
Cazavisión,Cazavisión,https://raw.githubusercontent.com/davidmuma/picons_dobleM/master/icon/Cazavisi%C3%B3n.png
TR3CE,TR3CE,https://raw.githubusercontent.com/davidmuma/picons_dobleM/master/icon/TR3CE.png
Deutsche W,Deutsche W,https://raw.githubusercontent.com/davidmuma/picons_dobleM/master/icon/Deutsche%20W.png
Pro TV,Pro TV,https://raw.githubusercontent.com/davidmuma/picons_dobleM/master/icon/Pro%20TV.png
Caracol TV,Caracol TV,https://raw.githubusercontent.com/davidmuma/picons_dobleM/master/icon/Caracol%20TV.png
France 2,France 2,https://raw.githubusercontent.com/davidmuma/picons_dobleM/master/icon/France%202.png
France 5,France 5,https://raw.githubusercontent.com/davidmuma/picons_dobleM/master/icon/France%205.png
M6,M6,https://raw.githubusercontent.com/davidmuma/picons_dobleM/master/icon/M6.png
Gulli,Gulli,https://raw.githubusercontent.com/davidmuma/picons_dobleM/master/icon/Gulli.png
Tennis Channel,Tennis Channel,https://raw.githubusercontent.com/davidmuma/picons_dobleM/master/icon/Tennis%20Channel.png
MyPadel TV,MyPadel TV,https://raw.githubusercontent.com/davidmuma/picons_dobleM/master/icon/MyPadel%20TV.png
NatureTime,NatureTime,https://raw.githubusercontent.com/davidmuma/picons_dobleM/master/icon/NatureTime.png
Toon Goggles,Toon Goggles,https://raw.githubusercontent.com/davidmuma/picons_dobleM/master/icon/Toon%20Goggles.png
Gametoon,Gametoon,https://raw.githubusercontent.com/davidmuma/picons_dobleM/master/icon/Gametoon.png
Vivir con gatos,Vivir con gatos,https://raw.githubusercontent.com/davidmuma/picons_dobleM/master/icon/Vivir%20con%20gatos.png
Vivir con perros,Vivir con perros,https://raw.githubusercontent.com/davidmuma/picons_dobleM/master/icon/Vivir%20con%20perros.png
Anime Visión,Anime Visión,https://raw.githubusercontent.com/davidmuma/picons_dobleM/master/icon/Anime%20Visi%C3%B3n.png
Anime Visión Classics,Anime Visión Classics,https://raw.githubusercontent.com/davidmuma/picons_dobleM/master/icon/Anime%20Visi%C3%B3n%20Classics.png
Flamenco Auditorio,Flamenco Auditorio,https://raw.githubusercontent.com/davidmuma/picons_dobleM/master/icon/Flamenco%20Auditorio.png
Sangre Fría,Sangre Fría,https://raw.githubusercontent.com/davidmuma/picons_dobleM/master/icon/Sangre%20Fr%C3%ADa.png
Love the Planet,Love the Planet,https://raw.githubusercontent.com/davidmuma/picons_dobleM/master/icon/Love%20the%20Planet.png
Love Wine,Love Wine,https://raw.githubusercontent.com/davidmuma/picons_dobleM/master/icon/Love%20Wine.png
Historia y Vida,Historia y Vida,https://raw.githubusercontent.com/davidmuma/picons_dobleM/master/icon/Historia%20y%20Vida.png
Moto ADV,Moto ADV,https://raw.githubusercontent.com/davidmuma/picons_dobleM/master/icon/Moto%20ADV.png
8madrid TV,8madrid TV,https://raw.githubusercontent.com/davidmuma/picons_dobleM/master/icon/8madrid%20TV.png
Sky News International,Sky News International,https://raw.githubusercontent.com/davidmuma/picons_dobleM/master/icon/Sky%20News%20International.png
Arirang TV HD,Arirang TV,https://raw.githubusercontent.com/davidmuma/picons_dobleM/master/icon/Arirang%20TV.png
1+1 International,1+1 International,https://raw.githubusercontent.com/davidmuma/picons_dobleM/master/icon/1+1 International.png
100% Navidad (Rakuten TV),100% Navidad (Rakuten TV),https://images-1.rakuten.tv/storage/global-live-channel/translation/artwork-negative/33827624-56e3-464f-8763-9e634babe552.png
Todo Crimen (Rakuten TV),Todo Crimen (Rakuten TV),https://images-1.rakuten.tv/storage/global-live-channel/translation/artwork-negative/e058d349-db97-4c0b-a9dd-477147a1d473.png
Crimen (Rakuten TV),Crimen (Rakuten TV),
Thrillers (Rakuten TV),Thrillers (Rakuten TV),https://images-2.rakuten.tv/storage/global-live-channel/translation/artwork-negative/5728a608-5527-4d19-a4cc-18ca9f019688.png
MyTime Movie Network (Rakuten TV),MyTime Movie Network (Rakuten TV),https://images-1.rakuten.tv/storage/global-live-channel/translation/artwork_negative/d3b1e728-ef8e-4dc6-b2ee-dd668a44bae4-mytime-movie-network-1643366410.png
Cine Español (Rakuten TV),Cine Español (Rakuten TV),https://images-3.rakuten.tv/storage/global-live-channel/translation/artwork-negative/2da65634-f27e-48f9-8f3b-a03bd31cbade.png
Películas Románticas (Rakuten TV),Películas Románticas (Rakuten TV),https://images-2.rakuten.tv/storage/global-live-channel/translation/artwork-negative/6a3d067c-8cb2-4581-84e1-f284ee948e3a.png
Dramas (Rakuten TV),Dramas (Rakuten TV),https://images-0.rakuten.tv/storage/global-live-channel/translation/artwork-negative/ee3c242a-398d-4d9e-9a79-c8c6427278c0.png
Comedias (Rakuten TV),Comedias (Rakuten TV),https://images-3.rakuten.tv/storage/global-live-channel/translation/artwork-negative/14c7b74d-cd73-4791-98f2-f6e097cce068.png
Acción (Rakuten TV),Acción (Rakuten TV),https://images-1.rakuten.tv/storage/global-live-channel/translation/artwork-negative/6b4cf5b7-bb4d-439a-9779-f83fd1bde012.png
Pelis Top (Rakuten TV),Pelis Top (Rakuten TV),https://images-0.rakuten.tv/storage/global-live-channel/translation/artwork-negative/82ae4be3-2514-4733-9f9d-89545d4e2ef4.png
Red Bull TV (Rakuten TV),Red Bull TV (Rakuten TV),https://images-3.rakuten.tv/storage/global-live-channel/translation/artwork-negative/b03ad405-231f-44f4-90ea-5fdacaf2a06c.png
FIFA+,FIFA+,https://images-1.rakuten.tv/storage/global-live-channel/translation/artwork-negative/e2bc4647-5158-44b1-a14e-6b541ed03997.png
DSPORTS,DSPORTS,https://dsports-widgets.tbxnet.com/assets/images/channels/1610.png
DSPORTS 2,DSPORTS 2,https://dsports-widgets.tbxnet.com/assets/images/channels/1612.png
DSPORTS+,DSPORTS+,https://dsports-widgets.tbxnet.com/assets/images/channels/1613.png
DSPORTS Fight,DSPORTS Fight,https://dsports-widgets.tbxnet.com/assets/images/channels/1615.png
beIN SPORTS en español,beIN SPORTS en español,https://raw.githubusercontent.com/davidmuma/picons_dobleM/master/icon/beIN%20SPORTS%20en%20espa%C3%B1ol.png
beIN SPORTS XTRA ñ,beIN SPORTS XTRA ñ,https://raw.githubusercontent.com/davidmuma/picons_dobleM/master/icon/beIN%20SPORTS%20XTRA%20%C3%B1.png
CNN en Español,CNN en Español,https://raw.githubusercontent.com/davidmuma/picons_dobleM/master/icon/CNN%20en%20Espa%C3%B1ol.png
Concert Channel,Concert Channel,https://raw.githubusercontent.com/davidmuma/picons_dobleM/master/icon/Concert%20Channel.png
Star TVE HD,Star TVE,https://raw.githubusercontent.com/davidmuma/picons_dobleM/master/icon/Star%20TVE.png
Discovery Turbo,Discovery Turbo,https://raw.githubusercontent.com/davidmuma/picons_dobleM/master/icon/Discovery%20Turbo.png
FOX SPORTS,FOX SPORTS,https://raw.githubusercontent.com/davidmuma/picons_dobleM/master/icon/FOX%20SPORTS.png
FOX SPORTS 2,FOX SPORTS 2,https://raw.githubusercontent.com/davidmuma/picons_dobleM/master/icon/FOX%20SPORTS%202.png
FOX SPORTS 3,FOX SPORTS 3,https://raw.githubusercontent.com/davidmuma/picons_dobleM/master/icon/FOX%20SPORTS%203.png
ESPN,ESPN,https://raw.githubusercontent.com/davidmuma/picons_dobleM/master/icon/ESPN.png
ESPN 2,ESPN 2,https://raw.githubusercontent.com/davidmuma/picons_dobleM/master/icon/ESPN%202.png
ESPN 3,ESPN 3,https://raw.githubusercontent.com/davidmuma/picons_dobleM/master/icon/ESPN%203.png
ESPN 4,ESPN 4,https://raw.githubusercontent.com/davidmuma/picons_dobleM/master/icon/ESPN%204.png
ESPN Deportes,ESPN Deportes,https://raw.githubusercontent.com/davidmuma/picons_dobleM/master/icon/ESPN%20Deportes.png
ESPN International,ESPN International,https://raw.githubusercontent.com/davidmuma/picons_dobleM/master/icon/ESPN%20International.png
TyC Sports,TyC Sports,https://raw.githubusercontent.com/davidmuma/picons_dobleM/master/icon/TyC%20Sports.png
TUDN (Estados Unidos),TUDN (Estados Unidos),https://raw.githubusercontent.com/davidmuma/picons_dobleM/master/icon/TUDN%20(Estados%20Unidos).png
TUDN (México),TUDN (México),https://raw.githubusercontent.com/davidmuma/picons_dobleM/master/icon/TUDN%20(M%C3%A9xico).png
Sky Sports 16,Sky Sports 16,https://raw.githubusercontent.com/davidmuma/picons_dobleM/master/icon/Sky%20Sports%2016.png
Atrescine,Atrescine,https://raw.githubusercontent.com/davidmuma/picons_dobleM/master/icon/Atrescine.png
Vivid TV,Vivid TV,https://raw.githubusercontent.com/davidmuma/picons_dobleM/master/icon/Vivid%20TV.png
MTV Classic,MTV Classic,https://raw.githubusercontent.com/davidmuma/picons_dobleM/master/icon/MTV%20Classic.png
FR | ARTE,FR | ARTE,https://raw.githubusercontent.com/davidmuma/picons_dobleM/master/icon/ARTE.png
FR | FRANCE 24,FR | FRANCE 24,https://raw.githubusercontent.com/davidmuma/picons_dobleM/master/icon/FRANCE%2024.png
FR | I24 NEWS,FR | I24 NEWS,https://raw.githubusercontent.com/davidmuma/picons_dobleM/master/icon/I24%20NEWS.png
FR | MTV,FR | MTV,https://raw.githubusercontent.com/davidmuma/picons_dobleM/master/icon/MTV.png
FR | INFOSPORT+,FR | INFOSPORT+,https://raw.githubusercontent.com/davidmuma/picons_dobleM/master/icon/INFOSPORT%2B.png
FR | L`ÉQUIPE,FR | L`ÉQUIPE,https://raw.githubusercontent.com/davidmuma/picons_dobleM/master/icon/L%60%C3%89QUIPE.png
FR | beIN SPORTS 1,FR | beIN SPORTS 1,https://raw.githubusercontent.com/davidmuma/picons_dobleM/master/icon/beIN%20SPORTS%201.png
FR | beIN SPORTS 2,FR | beIN SPORTS 2,https://raw.githubusercontent.com/davidmuma/picons_dobleM/master/icon/beIN%20SPORTS%202.png
FR | beIN SPORTS 3,FR | beIN SPORTS 3,https://raw.githubusercontent.com/davidmuma/picons_dobleM/master/icon/beIN%20SPORTS%203.png
FR | beIN SPORTS MAX 4,FR | beIN SPORTS MAX 4,https://raw.githubusercontent.com/davidmuma/picons_dobleM/master/icon/beIN%20SPORTS%20MAX%204.png
FR | beIN SPORTS MAX 5,FR | beIN SPORTS MAX 5,https://raw.githubusercontent.com/davidmuma/picons_dobleM/master/icon/beIN%20SPORTS%20MAX%205.png
FR | beIN SPORTS MAX 6,FR | beIN SPORTS MAX 6,https://raw.githubusercontent.com/davidmuma/picons_dobleM/master/icon/beIN%20SPORTS%20MAX%206.png
FR | beIN SPORTS MAX 7,FR | beIN SPORTS MAX 7,https://raw.githubusercontent.com/davidmuma/picons_dobleM/master/icon/beIN%20SPORTS%20MAX%207.png
FR | beIN SPORTS MAX 8,FR | beIN SPORTS MAX 8,https://raw.githubusercontent.com/davidmuma/picons_dobleM/master/icon/beIN%20SPORTS%20MAX%208.png
FR | beIN SPORTS MAX 9,FR | beIN SPORTS MAX 9,https://raw.githubusercontent.com/davidmuma/picons_dobleM/master/icon/beIN%20SPORTS%20MAX%209.png
FR | beIN SPORTS MAX 10,FR | beIN SPORTS MAX 10,https://raw.githubusercontent.com/davidmuma/picons_dobleM/master/icon/beIN%20SPORTS%20MAX%2010.png
FR | CANAL+ Sport,FR | CANAL+ Sport,https://raw.githubusercontent.com/davidmuma/picons_dobleM/master/icon/CANAL%2B%20Sport.png
FR | CANAL+ Premier League,FR | CANAL+ Premier League,https://raw.githubusercontent.com/davidmuma/picons_dobleM/master/icon/CANAL%2B%20Premier%20League.png
FR | DAZN 1,FR | DAZN 1,https://raw.githubusercontent.com/davidmuma/picons_dobleM/master/icon/DAZN%201.png
FR | DAZN 2,FR | DAZN 2,https://raw.githubusercontent.com/davidmuma/picons_dobleM/master/icon/DAZN%202.png
FR | DAZN 3,FR | DAZN 3,https://raw.githubusercontent.com/davidmuma/picons_dobleM/master/icon/DAZN%203.png
FR | DAZN 4,FR | DAZN 4,https://raw.githubusercontent.com/davidmuma/picons_dobleM/master/icon/DAZN%204.png
FR | DAZN 5,FR | DAZN 5,https://raw.githubusercontent.com/davidmuma/picons_dobleM/master/icon/DAZN%205.png
FR | Eurosport 1,FR | Eurosport 1,https://raw.githubusercontent.com/davidmuma/picons_dobleM/master/icon/Eurosport%201.png
FR | Eurosport 2,FR | Eurosport 2,https://raw.githubusercontent.com/davidmuma/picons_dobleM/master/icon/Eurosport%202.png
FR | Eurosport 360 1,FR | Eurosport 360 1,https://raw.githubusercontent.com/davidmuma/picons_dobleM/master/icon/Eurosport%20360%201.png
FR | Eurosport 360 2,FR | Eurosport 360 2,https://raw.githubusercontent.com/davidmuma/picons_dobleM/master/icon/Eurosport%20360%202.png
FR | Eurosport 360 3,FR | Eurosport 360 3,https://raw.githubusercontent.com/davidmuma/picons_dobleM/master/icon/Eurosport%20360%203.png
FR | Eurosport 360 4,FR | Eurosport 360 4,https://raw.githubusercontent.com/davidmuma/picons_dobleM/master/icon/Eurosport%20360%204.png
FR | Eurosport 360 5,FR | Eurosport 360 5,https://raw.githubusercontent.com/davidmuma/picons_dobleM/master/icon/Eurosport%20360%205.png
FR | Eurosport 360 6,FR | Eurosport 360 6,https://raw.githubusercontent.com/davidmuma/picons_dobleM/master/icon/Eurosport%20360%206.png
FR | Eurosport 360 7,FR | Eurosport 360 7,https://raw.githubusercontent.com/davidmuma/picons_dobleM/master/icon/Eurosport%20360%207.png
FR | Eurosport 360 8,FR | Eurosport 360 8,https://raw.githubusercontent.com/davidmuma/picons_dobleM/master/icon/Eurosport%20360%208.png
Libertad Digital TV,Libertad Digital TV,https://yt3.googleusercontent.com/ytc/AIdro_mJBwGvGJx9rJx7Fyo19zzImyR7p9O2WXRS1uPaSMoP6HE=s900-c-k-c0x00ffffff-no-rj
Imás TV,Imás TV,https://raw.githubusercontent.com/davidmuma/picons_dobleM/master/icon/Im%C3%A1s%20TV.png
Punt 3,Punt 3,https://www.punt3.es/android-icon-192x192.png
Distrito TV,Distrito TV,https://upload.wikimedia.org/wikipedia/commons/thumb/9/95/LOGO_DISTRITO_TV.png/598px-LOGO_DISTRITO_TV.png
ATV Andorra Televisión,ATV Andorra Televisión,https://upload.wikimedia.org/wikipedia/commons/3/32/Logo_Andorra_Televisi%C3%B3.png
PT | MCM TOP HD,PT | MCM TOP,https://raw.githubusercontent.com/davidmuma/picons_dobleM/master/icon/MCM%20TOP.png
PT | Mezzo Live HD,PT | Mezzo Live,https://raw.githubusercontent.com/davidmuma/picons_dobleM/master/icon/Mezzo%20Live.png
PT | MTV HD,PT | MTV,https://raw.githubusercontent.com/davidmuma/picons_dobleM/master/icon/MTV.png
PT | TRACE Urban HD,PT | TRACE Urban,https://raw.githubusercontent.com/davidmuma/picons_dobleM/master/icon/TRACE%20Urban.png
PT | Canal 11,PT | Canal 11,https://raw.githubusercontent.com/davidmuma/picons_dobleM/master/icon/Canal%2011.png
PT | DAZN 1,PT | DAZN 1,https://raw.githubusercontent.com/davidmuma/picons_dobleM/master/icon/DAZN%201.png
PT | DAZN 2,PT | DAZN 2,https://raw.githubusercontent.com/davidmuma/picons_dobleM/master/icon/DAZN%202.png
PT | DAZN 3,PT | DAZN 3,https://raw.githubusercontent.com/davidmuma/picons_dobleM/master/icon/DAZN%203.png
PT | DAZN 4,PT | DAZN 4,https://raw.githubusercontent.com/davidmuma/picons_dobleM/master/icon/DAZN%204.png
PT | DAZN 5,PT | DAZN 5,https://raw.githubusercontent.com/davidmuma/picons_dobleM/master/icon/DAZN%205.png
PT | Eurosport 1 HD,PT | Eurosport 1,https://raw.githubusercontent.com/davidmuma/picons_dobleM/master/icon/Eurosport%201.png
PT | Eurosport 2 HD,PT | Eurosport 2,https://raw.githubusercontent.com/davidmuma/picons_dobleM/master/icon/Eurosport%202.png
PT | Fight Box,PT | Fight Box,https://raw.githubusercontent.com/davidmuma/picons_dobleM/master/icon/Fight%20Box.png
PT | Sport TV +,PT | Sport TV +,https://raw.githubusercontent.com/davidmuma/picons_dobleM/master/icon/Sport%20TV%20%2B.png
PT | Sport TV 1,PT | Sport TV 1,https://raw.githubusercontent.com/davidmuma/picons_dobleM/master/icon/Sport%20TV%201.png
PT | Sport TV 2,PT | Sport TV 2,https://raw.githubusercontent.com/davidmuma/picons_dobleM/master/icon/Sport%20TV%202.png
PT | Sport TV 3,PT | Sport TV 3,https://raw.githubusercontent.com/davidmuma/picons_dobleM/master/icon/Sport%20TV%203.png
PT | Sport TV 4,PT | Sport TV 4,https://raw.githubusercontent.com/davidmuma/picons_dobleM/master/icon/Sport%20TV%204.png
PT | Sport TV 5,PT | Sport TV 5,https://raw.githubusercontent.com/davidmuma/picons_dobleM/master/icon/Sport%20TV%205.png
PT | Sport TV 6,PT | Sport TV 6,https://raw.githubusercontent.com/davidmuma/picons_dobleM/master/icon/Sport%20TV%206.png
PT | Sport TV 7,PT | Sport TV 7,https://mage.stream.nos.pt/mage/v1/Images?sourceUri=http%3A%2F%2Fvip.repositories.local.internal%2FRepositories.EPG%2FOttChannelIcons%2FSPTV_7HD.png&amp;profile=ott_16_220x64&amp;client_id=xe1dgrShwdR1DVOKGmsj8Ut4QLlGyOFI&amp;format=image/png
PT | Sporting TV HD,PT | Sporting TV,https://raw.githubusercontent.com/davidmuma/picons_dobleM/master/icon/Sporting%20TV.png
DE | sport1,DE | sport1,https://images.tvtoday.de/sender/small/sport.png
DE | sport1+,DE | sport1+,https://images.tvtoday.de/sender/small/s1plu.png
DE | Eurosport 1,DE | Eurosport 1,https://images.tvtoday.de/sender/small/euro.png
DE | Eurosport 2,DE | Eurosport 2,https://images.tvtoday.de/sender/small/euro2.png
DE | sportdigital,DE | sportdigital,https://images.tvtoday.de/sender/small/spo-d.png
DE | eSports One,DE | eSports One,https://images.tvtoday.de/sender/small/es1.png
DE | More than Sports TV,DE | More than Sports TV,https://images.tvtoday.de/sender/small/eotv.png
DE | Auto Motor Sport Ch.,DE | Auto Motor Sport Ch.,https://images.tvtoday.de/sender/small/ams.png
DE | Motorvision TV,DE | Motorvision TV,https://images.tvtoday.de/sender/small/movtv.png
DE | Sky Sport F1,DE | Sky Sport F1,https://images.tvtoday.de/sender/small/skyf1.png
DE | Sky Sport News,DE | Sky Sport News,https://images.tvtoday.de/sender/small/snhd.png
DE | Sky Sport Golf,DE | Sky Sport Golf,https://images.tvtoday.de/sender/small/skysg.png
DE | Sky Sport Premier League,DE | Sky Sport Premier League,https://images.tvtoday.de/sender/small/skyspl.png
DE | Sky Sport Mix,DE | Sky Sport Mix,https://images.tvtoday.de/sender/small/skysm.png
DE | Sky Sport Tennis,DE | Sky Sport Tennis,https://images.tvtoday.de/sender/small/skyst.png
DE | Sky Sport Top Event,DE | Sky Sport Top Event,https://images.tvtoday.de/sender/small/skyste.png
DE | DAZN,DE | DAZN,https://images.tvtoday.de/sender/small/dazn.png
DE | Sky Sport Austria,DE | Sky Sport Austria,https://images.tvtoday.de/sender/small/spo-a.png
DE | TRT Türk HD,DE | TRT Türk,https://raw.githubusercontent.com/davidmuma/picons_dobleM/master/icon/TRT%20T%C3%BCrk.png
DE | Rally TV,DE | Rally TV,https://raw.githubusercontent.com/davidmuma/picons_dobleM/master/icon/Rally%20TV.png
DE | DAZN 1,DE | DAZN 1,https://www.sky.de/static/img/senderlogos_dark/659_sky_logo_dazn1-hd_tvguide.png
DE | DAZN 2,DE | DAZN 2,https://www.sky.de/static/img/senderlogos_dark/900_sky_logo_dazn2-hd_tvguide.png
DE | Sky Sport Austria 1,DE | Sky Sport Austria 1,https://www.sky.de/static/img/senderlogos_dark/492_sky_logo_skysportaustria-hd_tvguide.png
DE | Sky Sport Austria 2,DE | Sky Sport Austria 2,https://www.sky.de/static/img/senderlogos_dark/729_sky_logo_skysportaustria_2-hd_tvguide.png
DE | Sky Sport Austria 3,DE | Sky Sport Austria 3,https://www.sky.de/static/img/senderlogos_dark/730_sky_logo_skysportaustria_3-hd_tvguide.png
DE | Sky Sport Austria 4,DE | Sky Sport Austria 4,
DE | Sky Sport Austria 5,DE | Sky Sport Austria 5,
DE | Sky Sport Austria 6,DE | Sky Sport Austria 6,
DE | Sky Sport Austria 7,DE | Sky Sport Austria 7,
DE | Sky Sport Austria 8,DE | Sky Sport Austria 8,
DE | Sky Sport Bundesliga,DE | Sky Sport Bundesliga,https://www.sky.de/static/img/senderlogos_dark/1018_sky_logo_sky-sport-buli-hd_tvguide.png
DE | Sky Sport Bundesliga 1,DE | Sky Sport Bundesliga 1,https://www.sky.de/static/img/senderlogos_dark/119_sky_logo_skybundesligahd2_tvguide.png
DE | Sky Sport Bundesliga 2,DE | Sky Sport Bundesliga 2,https://www.sky.de/static/img/senderlogos_dark/120_sky_logo_skybundesligahd3_tvguide.png
DE | Sky Sport Bundesliga 3,DE | Sky Sport Bundesliga 3,https://www.sky.de/static/img/senderlogos_dark/121_sky_logo_skybundesligahd4_tvguide.png
DE | Sky Sport Bundesliga 4,DE | Sky Sport Bundesliga 4,https://www.sky.de/static/img/senderlogos_dark/122_sky_logo_skybundesligahd5_tvguide.png
DE | Sky Sport Bundesliga 5,DE | Sky Sport Bundesliga 5,https://www.sky.de/static/img/senderlogos_dark/123_sky_logo_skybundesligahd6_tvguide.png
DE | Sky Sport Bundesliga 6,DE | Sky Sport Bundesliga 6,https://www.sky.de/static/img/senderlogos_dark/124_sky_logo_skybundesligahd7_tvguide.png
DE | Sky Sport Bundesliga 7,DE | Sky Sport Bundesliga 7,https://www.sky.de/static/img/senderlogos_dark/125_sky_logo_skybundesligahd8_tvguide.png
DE | Sky Sport Bundesliga 8,DE | Sky Sport Bundesliga 8,
DE | Sky Sport Bundesliga 9,DE | Sky Sport Bundesliga 9,
DE | Sky Sport Bundesliga 10,DE | Sky Sport Bundesliga 10,
DE | Sky Sport 1,DE | Sky Sport 1,https://www.sky.de/static/img/senderlogos_dark/130_sky_logo_skysporthd3_tvguide.png
DE | Sky Sport 2,DE | Sky Sport 2,https://www.sky.de/static/img/senderlogos_dark/131_sky_logo_skysporthd4_tvguide.png
DE | Sky Sport 3,DE | Sky Sport 3,
DE | Sky Sport 4,DE | Sky Sport 4,
DE | Sky Sport 5,DE | Sky Sport 5,
DE | Sky Sport 6,DE | Sky Sport 6,https://www.sky.de/static/img/senderlogos_dark/135_sky_logo_skysporthd8_tvguide.png
DE | Sky Sport 7,DE | Sky Sport 7,
DE | Sky Sport 8,DE | Sky Sport 8,https://www.sky.de/static/img/senderlogos_dark/137_sky_logo_skysporthd10_tvguide.png
DE | Sky Sport 9,DE | Sky Sport 9,https://www.sky.de/static/img/senderlogos_dark/138_sky_logo_skysporthd11_tvguide.png
DE | Sky Sport 10,DE | Sky Sport 10,
DE | Motorvision+,DE | Motorvision+,https://www.sky.de/static/img/senderlogos_dark/52_sky_logo_motorvision_b.png
Onetoro,Onetoro,https://raw.githubusercontent.com/davidmuma/picons_dobleM/master/icon/Onetoro.png
Alacantí TV,Alacantí TV,https://alacantitv.com/wp-content/uploads/2024/03/logo-alacantitv-programacion.jpg
Onda Cádiz TV,Onda Cádiz TV,https://raw.githubusercontent.com/davidmuma/picons_dobleM/master/icon/Onda%20C%C3%A1diz%20TV.png
TVR Rioja,TVR Rioja,https://raw.githubusercontent.com/davidmuma/picons_dobleM/master/icon/TVR%20Rioja.png
Popular TV Cantabria,Popular TV Cantabria,https://populartvcantabria.com/wp-content/uploads/2022/10/cropped-logo-popular-horizontal-300x125.png
interalmería TV,interalmería TV,https://www.interalmeria.tv/wp-content/uploads/2019/01/iatv-mosca.png?x96146
Huelva TV,Huelva TV,https://huelvatv.com/wp-content/uploads/2024/11/70_Huelva_TV_Logotipo_AZUL.png
Elche 7 TV,Elche 7 TV,https://elche7tv.es/wp-content/uploads/2023/08/Web-Retina-Logo-Upload-544-%C3%97-180-px.png
Play Melilla,Play Melilla,https://upload.wikimedia.org/wikipedia/commons/thumb/f/fb/Play_Melilla.svg/512px-Play_Melilla.svg.png
UK | Premier Sports 1,UK | Premier Sports 1,https://raw.githubusercontent.com/davidmuma/picons_dobleM/master/icon/Premier%20Sports%201.png
UK | Premier Sports 2,UK | Premier Sports 2,https://raw.githubusercontent.com/davidmuma/picons_dobleM/master/icon/Premier%20Sports%202.png
UK | Sky Sport Main Event,UK | Sky Sport Main Event,https://raw.githubusercontent.com/davidmuma/picons_dobleM/master/icon/Sky%20Sport%20Main%20Event.png
UK | Sky Sport Premier League,UK | Sky Sport Premier League,https://raw.githubusercontent.com/davidmuma/picons_dobleM/master/icon/Sky%20Sport%20Premier%20League.png
UK | Sky Sport Football,UK | Sky Sport Football,https://raw.githubusercontent.com/davidmuma/picons_dobleM/master/icon/Sky%20Sport%20Football.png
UK | Sky Sport Cricket,UK | Sky Sport Cricket,https://raw.githubusercontent.com/davidmuma/picons_dobleM/master/icon/Sky%20Sport%20Cricket.png
UK | Sky Sport Golf,UK | Sky Sport Golf,https://raw.githubusercontent.com/davidmuma/picons_dobleM/master/icon/Sky%20Sport%20Golf.png
UK | Sky Sport F1,UK | Sky Sport F1,https://raw.githubusercontent.com/davidmuma/picons_dobleM/master/icon/Sky%20Sport%20F1.png
UK | Sky Sport Action,UK | Sky Sport Action,https://raw.githubusercontent.com/davidmuma/picons_dobleM/master/icon/Sky%20Sport%20Action.png
UK | Sky Sport Arena,UK | Sky Sport Arena,https://raw.githubusercontent.com/davidmuma/picons_dobleM/master/icon/Sky%20Sport%20Arena.png
UK | Sky Sport News,UK | Sky Sport News,https://raw.githubusercontent.com/davidmuma/picons_dobleM/master/icon/Sky%20Sport%20News.png
UK | Sky Sport Mix,UK | Sky Sport Mix,https://raw.githubusercontent.com/davidmuma/picons_dobleM/master/icon/Sky%20Sport%20Mix.png
UK | Sky Sport Racing,UK | Sky Sport Racing,https://raw.githubusercontent.com/davidmuma/picons_dobleM/master/icon/Sky%20Sport%20Racing.png
UK | Sky Sport Tennis,UK | Sky Sport Tennis,https://raw.githubusercontent.com/davidmuma/picons_dobleM/master/icon/Sky%20Sport%20Tennis.png
UK | TNT Sports 1,UK | TNT Sports 1,https://raw.githubusercontent.com/davidmuma/picons_dobleM/master/icon/TNT%20Sports%201.png
UK | TNT Sports 2,UK | TNT Sports 2,https://raw.githubusercontent.com/davidmuma/picons_dobleM/master/icon/TNT%20Sports%202.png
UK | TNT Sports 3,UK | TNT Sports 3,https://raw.githubusercontent.com/davidmuma/picons_dobleM/master/icon/TNT%20Sports%203.png
UK | TNT Sports 4,UK | TNT Sports 4,https://raw.githubusercontent.com/davidmuma/picons_dobleM/master/icon/TNT%20Sports%204.png
UK | TNT Sports Ultimate,UK | TNT Sports Ultimate,https://raw.githubusercontent.com/davidmuma/picons_dobleM/master/icon/TNT%20Sports%20Ultimate.png
